{"type":"Feature","properties":{"name":"British Columbia (Canadian Pacific) Exclusive Economic Zone","source":"Flanders Marine Institute (VLIZ), Marine Regions, maritime boundaries v12","source_url":"https://geo.vliz.be/geoserver/MarineRegions/wfs?typeName=MarineRegions:eez","mrgid":8493,"geoname":"Canadian Exclusive Economic Zone","pol_type":"200NM","retrieved":"2026-09-09","note":"The Pacific component of Canada's EEZ only, extracted from the national MultiPolygon (everything west of 120W and reaching south of 60N). Interior rings (islands) are dropped: the mask is intersected with `sst_daily`, which holds ocean cells only, so land inside the zone is excluded by the data rather than by the geometry -- and a clean outline is what the map wants. Douglas-Peucker simplified at 0.002 deg, which is 1/25 of a grid cell: measured, it moves 21 of 26,155 cells against the unsimplified ring. Longitudes are 0-360, as everywhere else in this project.","simplify_tolerance_deg":0.002},"geometry":{"type":"MultiPolygon","coordinates":[[[[236.9645,49.0022],[236.9645,49.009],[236.959,49.0197],[236.94389999999999,49.028],[236.9556,49.0463],[236.9619,49.0466],[236.9776,49.058],[236.9814,49.0564],[236.9889,49.0615],[237.04059999999998,49.0696],[237.0908,49.0845],[237.1002,49.0838],[237.10399999999998,49.0874],[237.11020000000002,49.0875],[237.1095,49.0916],[237.1329,49.0889],[237.1494,49.0826],[237.13920000000002,49.0783],[237.1394,49.0647],[237.1326,49.0609],[237.1337,49.0582],[237.1456,49.0608],[237.1501,49.0677],[237.1611,49.0672],[237.1645,49.0749],[237.17059999999998,49.073],[237.1652,49.0723],[237.163,49.0668],[237.1517,49.0663],[237.1465,49.0597],[237.1354,49.0561],[237.1303,49.0583],[237.1235,49.0562],[237.1224,49.0623],[237.1122,49.0568],[237.1156,49.0428],[237.1274,49.0267],[237.13389999999998,49.0238],[237.18189999999998,49.0241],[237.2273,49.011],[237.2421,49.0021],[236.9645,49.0022]]],[[[229.7294,54.9775],[229.7478,54.996],[229.7626,55.0172],[229.7988,55.0507],[229.8141,55.0592],[229.8186,55.0929],[229.8449,55.1184],[229.8555,55.1469],[229.8955,55.1911],[229.9129,55.2084],[229.9616,55.2359],[229.9784,55.2532],[230.0066,55.2685],[230.0172,55.2798],[230.0181,55.3029],[230.0158,55.3064],[229.9883,55.3263],[229.9793,55.3382],[229.9777,55.3553],[229.9692,55.3801],[229.9688,55.3963],[229.9648,55.4071],[229.9666,55.4205],[229.96,55.4505],[229.914,55.493],[229.8943,55.5368],[229.8758,55.5592],[229.873,55.5938],[229.879,55.6114],[229.8781,55.6193],[229.8898,55.6386],[229.892,55.676],[229.8866,55.6858],[229.8525,55.7184],[229.8531,55.7314],[229.8464,55.7647],[229.8773,55.8045],[229.8943,55.8098],[229.9223,55.8265],[229.9762,55.8891],[229.9939,55.9005],[229.9994,55.9088],[229.9879,55.913],[229.9928,55.9145],[229.9906,55.9204],[229.9963,55.9309],[230.0041,55.9319],[230.0106,55.9258],[230.0243,55.9361],[230.0263,55.9482],[230.0231,55.9555],[230.0284,55.9639],[230.0313,55.977],[230.0374,55.9842],[230.0413,56.0037],[230.0501,56.0053],[230.0544,56.01],[230.0527,56.0049],[230.0435,56.0015],[230.0459,55.9934],[230.0386,55.9853],[230.0401,55.9803],[230.0355,55.973],[230.0377,55.9701],[230.0254,55.9532],[230.0304,55.9394],[230.0143,55.9243],[230.0066,55.9027],[229.9957,55.8893],[229.996,55.8837],[229.9859,55.8829],[229.9804,55.8785],[229.9815,55.8726],[229.9442,55.8383],[229.931,55.819],[229.8896,55.7956],[229.8897,55.7896],[229.8688,55.7685],[229.8654,55.7624],[229.8672,55.7547],[229.8616,55.7515],[229.868,55.7336],[229.8687,55.7157],[229.8817,55.7011],[229.8962,55.6983],[229.8948,55.6961],[229.8993,55.691],[229.9129,55.687],[229.9077,55.6695],[229.9112,55.6465],[229.9052,55.6366],[229.9068,55.6294],[229.899,55.6261],[229.8944,55.6182],[229.8938,55.6045],[229.8964,55.6032],[229.8914,55.5989],[229.8941,55.5909],[229.8895,55.5816],[229.8922,55.5724],[229.8904,55.5617],[229.9016,55.556],[229.9082,55.5351],[229.9221,55.5236],[229.9249,55.5038],[229.9303,55.4954],[229.9455,55.4809],[229.9759,55.4596],[229.9819,55.4277],[229.9895,55.4225],[229.9831,55.4171],[229.9818,55.4098],[229.9861,55.4001],[229.9837,55.3824],[229.9902,55.3676],[229.9957,55.3626],[229.9945,55.3406],[229.9967,55.336],[230.0294,55.3187],[230.0398,55.2984],[230.0529,55.2945],[230.0557,55.2881],[229.9911,55.2495],[229.9681,55.2281],[229.925,55.2022],[229.9027,55.1836],[229.8927,55.1653],[229.8694,55.1463],[229.8608,55.1153],[229.8342,55.0865],[229.833,55.0802],[229.8378,55.0696],[229.8426,55.0665],[229.8418,55.0631],[229.8542,55.0512],[229.8614,55.0488],[229.8653,55.0415],[229.8632,55.0356],[229.8673,55.0195],[229.8856,54.9898],[229.894,54.9833],[229.9075,54.9848],[229.9507,55.0133],[229.9652,55.028],[229.9747,55.0577],[229.9964,55.0861],[230.009,55.0928],[230.018,55.1052],[230.0231,55.106],[230.0367,55.1215],[230.0976,55.1645],[230.1107,55.1946],[230.1088,55.203],[230.1131,55.2146],[230.1355,55.235],[230.1374,55.242],[230.1545,55.2595],[230.1486,55.2691],[230.1737,55.2794],[230.1842,55.2887],[230.1714,55.3064],[230.1659,55.3201],[230.1683,55.3272],[230.1751,55.3334],[230.1728,55.3393],[230.2042,55.351],[230.2099,55.3646],[230.2234,55.3623],[230.2249,55.3664],[230.2213,55.3715],[230.2324,55.3782],[230.2301,55.3803],[230.217,55.372],[230.2153,55.3804],[230.2121,55.3801],[230.1985,55.3651],[230.2003,55.3591],[230.1863,55.3595],[230.1898,55.3782],[230.2059,55.3889],[230.2132,55.3988],[230.2105,55.4091],[230.2048,55.4154],[230.1827,55.3999],[230.1791,55.3883],[230.1834,55.3832],[230.1905,55.3818],[230.179,55.3746],[230.1718,55.3643],[230.1714,55.3564],[230.1661,55.3566],[230.1649,55.362],[230.1682,55.3681],[230.1602,55.3728],[230.161,55.3831],[230.1692,55.3875],[230.1611,55.3947],[230.1626,55.3986],[230.1724,55.4098],[230.1781,55.4101],[230.1778,55.4163],[230.1948,55.4184],[230.2038,55.4261],[230.2124,55.4249],[230.2177,55.4286],[230.2237,55.4484],[230.2227,55.4559],[230.2277,55.462],[230.2276,55.4683],[230.2335,55.472],[230.229,55.4728],[230.2314,55.4754],[230.2257,55.4815],[230.2228,55.5001],[230.2119,55.5105],[230.2081,55.5224],[230.2016,55.5305],[230.1989,55.5397],[230.2008,55.5544],[230.1887,55.5703],[230.1998,55.5903],[230.1937,55.6015],[230.1942,55.6064],[230.1872,55.6153],[230.1871,55.6299],[230.2033,55.629],[230.2087,55.6221],[230.2101,55.6099],[230.2214,55.5976],[230.2139,55.5766],[230.2166,55.5722],[230.2144,55.5663],[230.2183,55.5592],[230.2278,55.5543],[230.2276,55.5497],[230.2324,55.5482],[230.2311,55.5408],[230.2256,55.534],[230.2388,55.5162],[230.2406,55.5052],[230.2546,55.4806],[230.2761,55.4677],[230.2783,55.4581],[230.2755,55.4524],[230.2796,55.4338],[230.2857,55.4297],[230.2885,55.4199],[230.2866,55.4166],[230.2989,55.408],[230.3048,55.4086],[230.3085,55.4177],[230.3201,55.4237],[230.3262,55.4411],[230.3655,55.4578],[230.4145,55.4581],[230.477,55.4507],[230.4972,55.4564],[230.4979,55.4626],[230.509,55.4777],[230.5224,55.4781],[230.5347,55.4746],[230.5381,55.4688],[230.514,55.4575],[230.5068,55.4467],[230.4797,55.4384],[230.4408,55.4377],[230.3807,55.4461],[230.3689,55.4448],[230.3514,55.4354],[230.3358,55.4322],[230.3314,55.4256],[230.3333,55.4198],[230.3292,55.4157],[230.3329,55.412],[230.3261,55.4084],[230.3222,55.4011],[230.3254,55.3916],[230.3185,55.3804],[230.322,55.3774],[230.3182,55.3753],[230.3117,55.3789],[230.3141,55.39],[230.3113,55.3921],[230.3019,55.3802],[230.3152,55.3736],[230.28,55.3498],[230.2709,55.3324],[230.26,55.3204],[230.2626,55.3194],[230.2592,55.3046],[230.2554,55.3005],[230.2574,55.2911],[230.253,55.2898],[230.2439,55.2969],[230.2464,55.2841],[230.2371,55.2772],[230.1884,55.2654],[230.1818,55.2575],[230.1822,55.2519],[230.1753,55.2392],[230.1431,55.2093],[230.1448,55.1983],[230.1381,55.1809],[230.1414,55.1781],[230.1351,55.1688],[230.1219,55.1586],[230.1116,55.1458],[230.0512,55.1051],[230.0422,55.0956],[230.0416,55.0891],[230.0234,55.0754],[230.011,55.0542],[230.0221,55.0488],[230.0122,55.0427],[229.9931,55.0109],[230.0016,55.0088],[230.0044,55.0041],[230.0362,54.9962],[230.0543,54.988],[230.0821,54.9844],[230.1038,54.9904],[230.1227,55.0026],[230.1746,55.0053],[230.2109,55.0052],[230.2341,54.9992],[230.2704,54.9978],[230.2761,54.994],[230.2992,54.9905],[230.3132,54.9835],[230.3276,54.9856],[230.3487,54.9953],[230.3502,54.9937],[230.343,54.9878],[230.3381,54.9762],[230.323,54.9712],[230.3065,54.9716],[230.2571,54.9782],[230.2369,54.9725],[230.215,54.9759],[230.2021,54.9829],[230.1587,54.9815],[230.1418,54.9753],[230.1378,54.9618],[230.1214,54.9519],[230.1174,54.9446],[230.0985,54.9431],[230.0772,54.9339],[230.0723,54.9351],[230.0723,54.9398],[230.0684,54.9393],[230.0658,54.9332],[230.0598,54.9388],[230.0466,54.9299],[230.0545,54.9272],[230.0138,54.9141],[230.0029,54.9172],[229.9991,54.924],[230.0086,54.9315],[230.0253,54.9355],[230.039,54.9432],[230.0515,54.9599],[230.0123,54.9744],[229.9874,54.9761],[229.9515,54.9608],[229.9368,54.9495],[229.8921,54.9049],[229.8392,54.8668],[229.823,54.8475],[229.8233,54.8413],[229.8276,54.8407],[229.8407,54.8449],[229.8617,54.8458],[229.8768,54.8526],[229.8977,54.8682],[229.9009,54.8721],[229.9001,54.8771],[229.9091,54.8861],[229.9357,54.8972],[229.9452,54.8883],[229.9254,54.8735],[229.9278,54.872],[229.9196,54.8626],[229.9219,54.8588],[229.9001,54.8494],[229.8929,54.8439],[229.893,54.8388],[229.8641,54.8295],[229.8521,54.8304],[229.8342,54.819],[229.8289,54.8121],[229.8305,54.807],[229.8241,54.7931],[229.8291,54.7855],[229.8531,54.7739],[229.8332,54.7749],[229.8163,54.7819],[229.8055,54.7686],[229.8032,54.7493],[229.7984,54.7401],[229.7816,54.726],[229.7826,54.724],[229.7899,54.7205],[229.8123,54.7222],[229.8251,54.7174],[229.8556,54.7151],[229.8759,54.7041],[229.8811,54.6961],[229.8889,54.6952],[229.8922,54.6907],[229.9072,54.6922],[229.9164,54.6897],[229.9407,54.655],[229.9594,54.643],[229.9822,54.6358],[230.0018,54.6247],[230.008,54.6162],[230.0229,54.6102],[230.0532,54.6022],[230.0674,54.612],[230.0835,54.6137],[230.0985,54.6221],[230.1011,54.6204],[230.1005,54.6155],[230.082,54.6051],[230.0631,54.6028],[230.0578,54.597],[230.0214,54.6031],[230.0007,54.61],[229.9844,54.6217],[229.9743,54.6207],[229.9424,54.6354],[229.9285,54.6491],[229.9185,54.668],[229.9128,54.6706],[229.907,54.6848],[229.9022,54.685],[229.8964,54.6759],[229.9025,54.6683],[229.9015,54.6635],[229.8983,54.668],[229.8917,54.6687],[229.888,54.6763],[229.8717,54.6844],[229.8669,54.6935],[229.8611,54.6954],[229.8562,54.7021],[229.8432,54.7081],[229.8086,54.7136],[229.8016,54.7099],[229.7875,54.7114],[229.7737,54.7041],[229.7676,54.7095],[229.7809,54.7099],[229.7822,54.7124],[229.7712,54.7164],[229.7604,54.7136],[229.7547,54.7072],[229.728,54.7063],[229.7024,54.698],[229.6927,54.6992],[229.678,54.6943],[229.6513,54.6946],[229.6301,54.6805],[229.6305,54.674],[229.6236,54.6656],[229.6196,54.6528],[229.6345,54.64],[229.6456,54.6349],[229.6878,54.6587],[229.7013,54.6629],[229.7093,54.6613],[229.6961,54.6576],[229.6958,54.6545],[229.6641,54.6386],[229.6553,54.6293],[229.6534,54.6227],[229.6183,54.646],[229.6121,54.6469],[229.6073,54.6311],[229.7079,54.5733],[229.7061,54.568],[229.6965,54.5684],[229.6965,54.5636],[229.7192,54.544],[229.7391,54.5343],[229.7385,54.5261],[229.7434,54.521],[229.7696,54.5167],[229.7545,54.511],[229.7623,54.504],[229.77,54.5051],[229.7669,54.5002],[229.7714,54.4937],[229.7841,54.4847],[229.8034,54.4789],[229.8095,54.4672],[229.8491,54.4443],[229.8583,54.4337],[229.8839,54.4186],[229.8929,54.4171],[229.9003,54.4205],[229.9151,54.4382],[229.917,54.4446],[229.9068,54.4611],[229.9187,54.4664],[229.9181,54.4807],[229.9245,54.4871],[229.9543,54.4939],[229.9716,54.4904],[230.0049,54.5081],[230.017,54.5071],[230.0128,54.499],[230.0028,54.4949],[229.999,54.4895],[229.9661,54.4833],[229.9556,54.4843],[229.9271,54.4734],[229.9325,54.4704],[229.9251,54.469],[229.9196,54.4636],[229.9203,54.4566],[229.9245,54.449],[229.9323,54.4458],[229.9336,54.4412],[229.9276,54.434],[229.9165,54.429],[229.9118,54.4156],[229.8962,54.4051],[229.9277,54.3715],[229.9462,54.3576],[229.9473,54.3465],[229.9555,54.3355],[229.9889,54.3172],[230.0036,54.3132],[230.0169,54.3179],[230.0195,54.3239],[230.0224,54.3237],[230.0223,54.3164],[230.0158,54.3118],[230.0157,54.3033],[230.0036,54.3011],[230.0008,54.3052],[229.9591,54.3231],[229.9297,54.3425],[229.9247,54.3478],[229.9254,54.3566],[229.8856,54.394],[229.8562,54.4091],[229.8349,54.4245],[229.8199,54.4435],[229.792,54.4578],[229.7634,54.4758],[229.7568,54.4847],[229.7338,54.4962],[229.7041,54.5324],[229.6944,54.5375],[229.6869,54.5493],[229.6636,54.5634],[229.6609,54.5614],[229.6386,54.5776],[229.6245,54.5814],[229.6341,54.5824],[229.6256,54.5915],[229.6523,54.5762],[229.6614,54.5761],[229.6598,54.5811],[229.6467,54.5887],[229.6404,54.5975],[229.6066,54.6202],[229.5987,54.621],[229.5688,54.6368],[229.5567,54.6322],[229.5605,54.6255],[229.5473,54.6254],[229.5435,54.6204],[229.5434,54.6138],[229.5607,54.6078],[229.563,54.5978],[229.5711,54.5957],[229.6052,54.5722],[229.6173,54.5576],[229.6108,54.5561],[229.6051,54.5601],[229.584,54.564],[229.5631,54.5569],[229.5592,54.5426],[229.5522,54.5372],[229.5544,54.534],[229.5516,54.5344],[229.5491,54.528],[229.5529,54.5141],[229.5504,54.5115],[229.5607,54.509],[229.5525,54.4997],[229.5563,54.4954],[229.554,54.4922],[229.5712,54.4773],[229.5703,54.4738],[229.5857,54.4754],[229.583,54.4783],[229.5855,54.4788],[229.5903,54.4726],[229.5856,54.4678],[229.5944,54.4661],[229.5973,54.4704],[229.6026,54.4709],[229.5987,54.4679],[229.5988,54.4633],[229.6063,54.4599],[229.6112,54.4607],[229.6119,54.4644],[229.6148,54.4626],[229.6102,54.4552],[229.5761,54.4493],[229.5499,54.4569],[229.5433,54.4507],[229.5359,54.4496],[229.5339,54.4404],[229.527,54.4393],[229.5211,54.4442],[229.5099,54.4295],[229.5212,54.4151],[229.5097,54.4026],[229.5252,54.3895],[229.5212,54.3829],[229.5239,54.376],[229.5151,54.3741],[229.5176,54.3689],[229.5118,54.364],[229.5226,54.3634],[229.5358,54.357],[229.5402,54.3475],[229.5335,54.3435],[229.5419,54.3435],[229.5359,54.3411],[229.5376,54.3358],[229.5572,54.336],[229.5679,54.3411],[229.567,54.3452],[229.5761,54.3445],[229.5727,54.3397],[229.5821,54.3417],[229.582,54.3369],[229.5767,54.3354],[229.5851,54.3333],[229.5818,54.3314],[229.5823,54.3282],[229.5898,54.3282],[229.5924,54.3215],[229.5978,54.3204],[229.5958,54.327],[229.5979,54.3292],[229.6059,54.327],[229.6103,54.3328],[229.6144,54.3331],[229.6162,54.326],[229.6214,54.3256],[229.627,54.3187],[229.6372,54.3222],[229.6319,54.3218],[229.6378,54.3286],[229.6414,54.3224],[229.6487,54.3253],[229.6544,54.3317],[229.6514,54.3351],[229.6549,54.3354],[229.661,54.3294],[229.6703,54.3304],[229.6803,54.3376],[229.6852,54.3354],[229.6928,54.3372],[229.712,54.3474],[229.7233,54.362],[229.7287,54.379],[229.7399,54.3896],[229.7392,54.3966],[229.7424,54.399],[229.7222,54.4027],[229.6993,54.4168],[229.6753,54.4378],[229.6913,54.4319],[229.7141,54.4144],[229.7443,54.3993],[229.7571,54.3997],[229.7503,54.3927],[229.7535,54.3784],[229.7488,54.3803],[229.7353,54.3514],[229.7201,54.3369],[229.7262,54.3355],[229.7302,54.3244],[229.7493,54.317],[229.757,54.3009],[229.7555,54.2901],[229.7608,54.2867],[229.7646,54.2761],[229.7622,54.2725],[229.768,54.2676],[229.7995,54.2653],[229.8287,54.2754],[229.8356,54.2747],[229.8519,54.2831],[229.8391,54.2733],[229.8136,54.2673],[229.8092,54.2634],[229.7961,54.2627],[229.8053,54.2565],[229.8015,54.2546],[229.8077,54.2476],[229.791,54.2532],[229.7936,54.2594],[229.788,54.2614],[229.7787,54.258],[229.764,54.2593],[229.7385,54.2524],[229.7273,54.2422],[229.7126,54.2416],[229.7144,54.2333],[229.7064,54.2438],[229.6996,54.2445],[229.6961,54.24],[229.7019,54.2339],[229.7041,54.2296],[229.7021,54.2275],[229.7123,54.2111],[229.7212,54.2041],[229.7569,54.195],[229.7706,54.1953],[229.8168,54.1799],[229.8422,54.1676],[229.8691,54.1485],[229.8867,54.1523],[229.9009,54.1658],[229.9191,54.1722],[229.9377,54.1738],[229.9779,54.1701],[229.9837,54.1755],[229.9945,54.1789],[230.0145,54.1955],[230.0559,54.203],[230.0773,54.2136],[230.1173,54.2252],[230.1355,54.235],[230.1508,54.2368],[230.193,54.2318],[230.1929,54.2343],[230.2163,54.2448],[230.2046,54.264],[230.2181,54.2489],[230.2186,54.2443],[230.1948,54.2307],[230.2304,54.2206],[230.3076,54.2121],[230.3232,54.2065],[230.3494,54.1892],[230.378,54.187],[230.4133,54.2039],[230.4191,54.2196],[230.4637,54.2244],[230.4828,54.2436],[230.5027,54.237],[230.5058,54.2425],[230.5193,54.2466],[230.5619,54.2529],[230.5801,54.2734],[230.6005,54.2786],[230.6021,54.2834],[230.5984,54.2827],[230.5982,54.2926],[230.6248,54.3041],[230.6442,54.3058],[230.6647,54.3181],[230.6985,54.3263],[230.7104,54.3345],[230.7189,54.334],[230.7085,54.3326],[230.6979,54.3248],[230.705,54.3209],[230.713,54.3211],[230.724,54.3267],[230.747,54.3233],[230.7631,54.3271],[230.773,54.3359],[230.8003,54.3351],[230.8167,54.3439],[230.8339,54.3607],[230.8583,54.3653],[230.8647,54.3612],[230.8834,54.3685],[230.9133,54.3742],[230.9171,54.3762],[230.9136,54.3847],[230.9261,54.3901],[230.9659,54.3946],[230.984,54.3904],[230.9994,54.3918],[231.0068,54.4038],[231.0142,54.4082],[231.0485,54.4059],[231.0685,54.3988],[231.0871,54.4063],[231.1371,54.4054],[231.1408,54.4073],[231.1505,54.426],[231.1639,54.435],[231.1844,54.4419],[231.2023,54.4355],[231.2103,54.4475],[231.2254,54.4533],[231.2392,54.4496],[231.2504,54.451],[231.2484,54.4681],[231.2567,54.4771],[231.2779,54.4847],[231.2806,54.4926],[231.2866,54.4968],[231.3153,54.5037],[231.3206,54.5079],[231.3182,54.5127],[231.3236,54.5159],[231.3421,54.5186],[231.3586,54.5147],[231.3569,54.517],[231.3601,54.5167],[231.3635,54.5094],[231.3605,54.5011],[231.3644,54.4986],[231.426,54.4975],[231.4311,54.5031],[231.4293,54.5044],[231.4334,54.5092],[231.4334,54.5149],[231.4404,54.5182],[231.4483,54.5293],[231.4961,54.5372],[231.5257,54.558],[231.5652,54.5676],[231.5621,54.5761],[231.5657,54.5824],[231.5816,54.5952],[231.5719,54.5984],[231.5655,54.609],[231.5705,54.6178],[231.5688,54.631],[231.5974,54.6393],[231.6041,54.6483],[231.6034,54.6579],[231.6072,54.6614],[231.6358,54.668],[231.6418,54.6767],[231.641,54.6852],[231.645,54.6901],[231.6566,54.6951],[231.6732,54.6953],[231.6721,54.7019],[231.6797,54.7076],[231.6741,54.7004],[231.6753,54.6952],[231.6688,54.6923],[231.6579,54.6945],[231.645,54.6887],[231.6426,54.6841],[231.6442,54.6767],[231.6383,54.6672],[231.6087,54.6605],[231.6048,54.6549],[231.6052,54.6466],[231.5974,54.6377],[231.5717,54.632],[231.5699,54.622],[231.5725,54.6157],[231.5674,54.6089],[231.5717,54.6026],[231.5874,54.5993],[231.5883,54.5931],[231.5842,54.5882],[231.5677,54.5819],[231.5655,54.5748],[231.5686,54.5684],[231.5598,54.5634],[231.5257,54.556],[231.4979,54.5369],[231.4666,54.5296],[231.4646,54.5322],[231.4504,54.5293],[231.4266,54.4971],[231.364,54.497],[231.3581,54.5009],[231.3621,54.5105],[231.3545,54.5166],[231.3238,54.5145],[231.321,54.5124],[231.3228,54.5062],[231.3096,54.4999],[231.2881,54.4955],[231.2846,54.4878],[231.2764,54.4809],[231.2583,54.4755],[231.2521,54.4676],[231.2587,54.4633],[231.2606,54.4543],[231.2563,54.4508],[231.2463,54.4473],[231.2144,54.4484],[231.204,54.4347],[231.1846,54.4401],[231.1649,54.4333],[231.1522,54.4232],[231.1439,54.4079],[231.1385,54.4041],[231.0886,54.4051],[231.0707,54.3969],[231.0225,54.4077],[231.0101,54.4011],[231.0047,54.393],[230.9926,54.3879],[230.9571,54.3892],[230.95,54.3866],[230.9478,54.3785],[230.928,54.3684],[230.8875,54.3659],[230.8654,54.3583],[230.8386,54.3603],[230.8133,54.3374],[230.7923,54.3301],[230.7902,54.3271],[230.7927,54.3267],[230.7998,54.3308],[230.8145,54.3305],[230.8018,54.329],[230.7826,54.3183],[230.7159,54.3208],[230.7079,54.3173],[230.6838,54.3153],[230.6726,54.3061],[230.649,54.3055],[230.6338,54.2949],[230.625,54.2941],[230.6163,54.2802],[230.6039,54.2735],[230.5848,54.2723],[230.5744,54.2641],[230.5706,54.2546],[230.5558,54.2463],[230.521,54.245],[230.518,54.2391],[230.5206,54.2341],[230.4809,54.2352],[230.4707,54.2266],[230.4784,54.2243],[230.4641,54.2188],[230.4247,54.2145],[230.4183,54.2099],[230.4151,54.1901],[230.3913,54.1754],[230.3528,54.1719],[230.3359,54.1776],[230.3009,54.1978],[230.2609,54.1951],[230.23,54.197],[230.1613,54.215],[230.1456,54.2131],[230.1229,54.2028],[230.0989,54.1978],[230.0608,54.1836],[230.0548,54.1737],[230.0631,54.1654],[230.0622,54.1562],[230.0686,54.1406],[230.0804,54.1257],[230.1077,54.1118],[230.1278,54.0928],[230.1349,54.0734],[230.1446,54.0668],[230.1514,54.0511],[230.1613,54.0413],[230.1899,54.0277],[230.1981,54.017],[230.2111,54.0074],[230.2091,54.0049],[230.2391,54.003],[230.247,53.9994],[230.2645,53.9613],[230.3065,53.9645],[230.3191,53.962],[230.3315,53.9537],[230.3385,53.9251],[230.381,53.8986],[230.3862,53.8938],[230.3859,53.8815],[230.3827,53.8952],[230.3453,53.9156],[230.3338,53.9251],[230.3292,53.9329],[230.3289,53.9492],[230.3217,53.9551],[230.3062,53.9623],[230.2855,53.9602],[230.2747,53.955],[230.2567,53.9593],[230.2544,53.9655],[230.246,53.9717],[230.2387,53.993],[230.2307,53.9955],[230.2254,53.9919],[230.214,53.9928],[230.2008,54.0004],[230.1823,54.022],[230.1483,54.0333],[230.1393,54.0419],[230.1367,54.0571],[230.1196,54.0713],[230.1028,54.0961],[230.0643,54.1226],[230.0617,54.1296],[230.0539,54.1355],[230.0508,54.153],[230.0372,54.1605],[230.0314,54.1601],[230.0294,54.1555],[230.0084,54.1439],[229.9699,54.1421],[229.9565,54.148],[229.9455,54.1468],[229.9422,54.1386],[229.9441,54.136],[229.9349,54.1251],[229.9207,54.119],[229.9163,54.1129],[229.9124,54.1039],[229.9104,54.0798],[229.8973,54.0636],[229.9075,54.0501],[229.9082,54.0353],[229.9142,54.0236],[229.9142,54.0201],[229.9064,54.0174],[229.9046,54.0047],[229.907,54.0018],[229.9208,53.9999],[229.9257,53.9893],[229.9239,53.9832],[229.9188,53.9953],[229.9097,54.0002],[229.902,53.9984],[229.9028,53.9927],[229.8954,53.9835],[229.8976,53.9809],[229.8949,53.9782],[229.8997,53.9708],[229.9079,53.9681],[229.8987,53.9648],[229.8927,53.9574],[229.8914,53.948],[229.896,53.9442],[229.8981,53.9364],[229.9144,53.9285],[229.9166,53.9108],[229.9281,53.8944],[229.927,53.8912],[229.9473,53.8773],[229.9493,53.8709],[229.9622,53.8617],[229.9706,53.8591],[229.9715,53.8615],[229.9658,53.8649],[229.969,53.8656],[229.9849,53.854],[229.9964,53.861],[230.0107,53.8643],[230.0153,53.8704],[230.0281,53.867],[230.0244,53.8628],[230.0165,53.8626],[230.0139,53.8563],[229.992,53.8506],[229.9941,53.848],[229.9918,53.8446],[230.0184,53.8238],[230.0272,53.8231],[230.0409,53.8157],[230.0768,53.7853],[230.0958,53.7751],[230.1033,53.7676],[230.1113,53.7674],[230.1279,53.7548],[230.1661,53.7361],[230.1717,53.7394],[230.1704,53.7526],[230.1779,53.7555],[230.1756,53.7465],[230.1779,53.7317],[230.1879,53.7222],[230.2056,53.715],[230.221,53.7029],[230.2432,53.6946],[230.255,53.6953],[230.2519,53.6916],[230.2606,53.6872],[230.2639,53.6906],[230.2561,53.7063],[230.2588,53.7071],[230.2806,53.6732],[230.2837,53.6789],[230.2811,53.695],[230.2831,53.6982],[230.2763,53.7034],[230.2688,53.7172],[230.2779,53.7121],[230.2817,53.7026],[230.2842,53.7029],[230.2842,53.7088],[230.2889,53.7072],[230.2937,53.6988],[230.29,53.6966],[230.2926,53.6903],[230.2846,53.6721],[230.2864,53.6664],[230.3025,53.659],[230.3017,53.6558],[230.2826,53.6655],[230.2786,53.6628],[230.2748,53.668],[230.2604,53.6725],[230.2546,53.6809],[230.2457,53.6847],[230.2376,53.6761],[230.2459,53.6729],[230.2399,53.6692],[230.2411,53.6665],[230.3129,53.5965],[230.354,53.5657],[230.3975,53.5422],[230.4034,53.5541],[230.4134,53.5555],[230.4248,53.5629],[230.4354,53.5601],[230.4306,53.5557],[230.4214,53.5569],[230.4254,53.5529],[230.4064,53.5465],[230.4065,53.5367],[230.4762,53.497],[230.5088,53.4749],[230.524,53.4723],[230.5426,53.461],[230.5728,53.4373],[230.5867,53.4317],[230.5986,53.4192],[230.6038,53.4185],[230.6147,53.4089],[230.6585,53.3833],[230.688,53.3709],[230.6977,53.375],[230.7022,53.368],[230.7194,53.3625],[230.7301,53.3653],[230.7222,53.3726],[230.7219,53.3792],[230.7132,53.3881],[230.7106,53.3975],[230.7421,53.4062],[230.7451,53.4103],[230.7418,53.4153],[230.7497,53.4229],[230.763,53.4245],[230.7604,53.4399],[230.7672,53.4531],[230.7644,53.4658],[230.7574,53.4772],[230.7612,53.482],[230.7595,53.5001],[230.7653,53.5091],[230.7584,53.5137],[230.7242,53.5135],[230.6997,53.5223],[230.6889,53.538],[230.6637,53.5531],[230.6559,53.5631],[230.6512,53.5641],[230.6557,53.5673],[230.6701,53.5539],[230.6839,53.5517],[230.6987,53.5364],[230.7008,53.5269],[230.7157,53.519],[230.7671,53.5187],[230.7605,53.5376],[230.7639,53.5438],[230.7595,53.5532],[230.7612,53.5663],[230.7505,53.5746],[230.7473,53.5889],[230.7513,53.603],[230.7603,53.6123],[230.7265,53.625],[230.7019,53.6299],[230.6971,53.6365],[230.7012,53.6412],[230.6989,53.6468],[230.6916,53.6472],[230.7024,53.6495],[230.725,53.6384],[230.7338,53.6395],[230.7695,53.6314],[230.7738,53.6389],[230.8069,53.6595],[230.8319,53.6659],[230.8557,53.6803],[230.8645,53.6899],[230.865,53.6968],[230.8721,53.703],[230.8735,53.709],[230.8816,53.7169],[230.9023,53.7276],[230.9159,53.7292],[230.9565,53.7442],[230.9692,53.7534],[230.9722,53.7633],[230.945,53.7626],[230.926,53.7782],[230.9004,53.7775],[230.9054,53.7814],[230.9054,53.7851],[230.8996,53.7887],[230.9037,53.7979],[230.9008,53.8048],[230.9159,53.8131],[230.9144,53.8196],[230.9062,53.8281],[230.9126,53.8329],[230.9186,53.8345],[230.9312,53.8248],[230.9372,53.8138],[230.932,53.8007],[230.9223,53.7962],[230.921,53.7903],[230.9385,53.7845],[230.9406,53.7766],[230.9496,53.768],[230.9736,53.7651],[230.9766,53.7684],[230.9798,53.7636],[230.9908,53.759],[231.0297,53.7716],[231.0376,53.7851],[231.0365,53.7931],[231.0256,53.8043],[231.0288,53.8098],[231.0248,53.8124],[231.0196,53.8247],[231.0247,53.8548],[231.0172,53.8645],[231.0179,53.8711],[231.0048,53.8813],[231.0042,53.8872],[230.9745,53.8868],[230.9836,53.889],[230.9766,53.8915],[230.9728,53.8979],[230.9858,53.8902],[230.9889,53.8908],[230.9829,53.8939],[231.0087,53.8932],[231.034,53.8736],[231.037,53.8684],[231.0326,53.8548],[231.0358,53.8456],[231.0408,53.8484],[231.0409,53.8557],[231.0437,53.8523],[231.0338,53.8271],[231.0339,53.8201],[231.0394,53.8154],[231.0387,53.7981],[231.0531,53.8082],[231.0577,53.8207],[231.0546,53.8285],[231.0577,53.8423],[231.0723,53.8412],[231.0752,53.8439],[231.0746,53.8522],[231.0828,53.8536],[231.0832,53.8309],[231.0806,53.8246],[231.0624,53.8113],[231.0659,53.806],[231.0485,53.7922],[231.0515,53.787],[231.0582,53.784],[231.051,53.7801],[231.0477,53.7735],[231.0536,53.7708],[231.0668,53.7789],[231.0772,53.7903],[231.1,53.8031],[231.1046,53.8088],[231.1005,53.8089],[231.1051,53.8111],[231.1005,53.817],[231.12,53.8142],[231.131,53.8167],[231.1357,53.8281],[231.1347,53.8354],[231.1501,53.8472],[231.1537,53.8582],[231.1605,53.8594],[231.1665,53.8649],[231.1825,53.8625],[231.1834,53.857],[231.1865,53.8563],[231.1888,53.8651],[231.2076,53.8734],[231.2141,53.895],[231.211,53.9014],[231.2226,53.903],[231.2318,53.8975],[231.2395,53.9058],[231.2371,53.9129],[231.2441,53.9228],[231.2552,53.9211],[231.2568,53.9183],[231.2769,53.9277],[231.2871,53.9424],[231.2936,53.9612],[231.2983,53.9648],[231.3057,53.9879],[231.3037,53.9952],[231.313,54.0017],[231.3188,53.9928],[231.3237,53.9922],[231.3195,54.0019],[231.3378,54.002],[231.3362,54.0132],[231.3423,54.0233],[231.3317,54.0212],[231.3279,54.024],[231.3442,54.0237],[231.3377,54.0121],[231.341,54.0005],[231.3547,54.01],[231.3691,54.0151],[231.3658,54.0218],[231.3796,54.0335],[231.3907,54.0294],[231.3769,54.0164],[231.3518,54.0057],[231.3466,53.9982],[231.3444,53.9904],[231.3493,53.9828],[231.3471,53.9748],[231.3505,53.9691],[231.3458,53.9658],[231.3451,53.955],[231.3377,53.9488],[231.3389,53.9436],[231.3185,53.926],[231.3085,53.9131],[231.3183,53.905],[231.3253,53.8924],[231.3194,53.8923],[231.3134,53.9002],[231.2958,53.91],[231.2838,53.9003],[231.2897,53.8914],[231.2874,53.8834],[231.2971,53.8732],[231.3104,53.8673],[231.3281,53.8781],[231.3308,53.8766],[231.3268,53.8695],[231.331,53.8634],[231.3548,53.8664],[231.3673,53.8589],[231.3728,53.8514],[231.3972,53.8447],[231.4309,53.8427],[231.4403,53.8443],[231.4399,53.8483],[231.4524,53.8505],[231.4855,53.8488],[231.49,53.8448],[231.5067,53.8406],[231.506,53.8357],[231.5152,53.8262],[231.5007,53.82],[231.4914,53.8267],[231.4801,53.8267],[231.4683,53.8329],[231.4497,53.8356],[231.4225,53.8307],[231.3916,53.8327],[231.3468,53.8526],[231.3239,53.8532],[231.3021,53.8381],[231.2932,53.8283],[231.2968,53.8144],[231.2943,53.8056],[231.2964,53.7996],[231.2908,53.7999],[231.286,53.8112],[231.2754,53.8136],[231.2466,53.7995],[231.2152,53.79],[231.2003,53.7751],[231.1926,53.7716],[231.189,53.761],[231.1917,53.754],[231.1977,53.7509],[231.1948,53.7431],[231.2115,53.7231],[231.2159,53.7217],[231.2148,53.7167],[231.2189,53.7123],[231.21,53.7007],[231.2066,53.6888],[231.1971,53.679],[231.1991,53.6772],[231.1965,53.6708],[231.1788,53.6648],[231.1772,53.6583],[231.163,53.6467],[231.1746,53.6209],[231.1841,53.6081],[231.2018,53.5962],[231.2011,53.5899],[231.23,53.5686],[231.2354,53.5606],[231.2255,53.56],[231.2362,53.547],[231.2545,53.5398],[231.263,53.5436],[231.26,53.5545],[231.2673,53.5525],[231.2715,53.5451],[231.2892,53.5345],[231.2948,53.518],[231.312,53.5021],[231.332,53.4998],[231.3452,53.5031],[231.3542,53.5018],[231.3659,53.495],[231.3968,53.4883],[231.4125,53.4765],[231.4123,53.4702],[231.3984,53.466],[231.4007,53.4595],[231.4281,53.4492],[231.4438,53.45],[231.446,53.4472],[231.4433,53.4399],[231.4547,53.4295],[231.4622,53.4275],[231.4882,53.4315],[231.4918,53.434],[231.4915,53.439],[231.5105,53.4451],[231.5543,53.4378],[231.5895,53.4563],[231.6195,53.4564],[231.6202,53.4641],[231.6047,53.4753],[231.6054,53.4832],[231.6124,53.4931],[231.6234,53.497],[231.6318,53.509],[231.635,53.5083],[231.64,53.4978],[231.6486,53.4924],[231.671,53.491],[231.6912,53.4746],[231.7236,53.4751],[231.7592,53.4683],[231.7693,53.4713],[231.7693,53.4757],[231.8058,53.4746],[231.8212,53.4785],[231.8616,53.4751],[231.8613,53.4814],[231.8715,53.4856],[231.8699,53.482],[231.8752,53.4774],[231.8699,53.4693],[231.8791,53.4661],[231.8774,53.4626],[231.8913,53.4483],[231.9146,53.4346],[231.9304,53.4123],[231.9431,53.4039],[231.9441,53.3932],[231.9386,53.3914],[231.948,53.3847],[231.9629,53.3832],[231.9752,53.378],[231.9989,53.3516],[232.0722,53.3296],[232.07729999999998,53.3171],[232.0654,53.2995],[232.0683,53.2744],[232.08280000000002,53.2695],[232.09629999999999,53.2577],[232.11270000000002,53.2525],[232.1235,53.2452],[232.1338,53.2286],[232.1449,53.2188],[232.1568,53.212],[232.1698,53.2101],[232.1793,53.2027],[232.16379999999998,53.2095],[232.1384,53.2091],[232.1308,53.2207],[232.1255,53.2398],[232.11419999999998,53.2391],[232.12220000000002,53.2349],[232.1243,53.2247],[232.1119,53.237],[232.0924,53.2422],[232.0672,53.2589],[232.05180000000001,53.2644],[232.0473,53.2715],[232.0529,53.2852],[232.0444,53.2981],[232.04770000000002,53.3018],[232.0471,53.3081],[232.0578,53.3217],[232.00990000000002,53.3381],[231.9914,53.3404],[231.9829,53.3474],[231.9794,53.3556],[231.9707,53.3595],[231.963,53.3708],[231.9503,53.3691],[231.9311,53.3586],[231.9073,53.3439],[231.8978,53.3343],[231.884,53.3387],[231.8871,53.3459],[231.8974,53.3514],[231.9101,53.3665],[231.927,53.3794],[231.9186,53.3883],[231.9202,53.3989],[231.9097,53.4104],[231.8997,53.429],[231.8735,53.4395],[231.8637,53.4473],[231.8386,53.4556],[231.8237,53.4586],[231.81,53.4554],[231.7881,53.4584],[231.775,53.4553],[231.7627,53.4481],[231.738,53.45],[231.7231,53.4466],[231.7194,53.4519],[231.707,53.457],[231.6907,53.4543],[231.6578,53.4726],[231.6372,53.4768],[231.6376,53.4661],[231.6446,53.4553],[231.6406,53.4465],[231.6288,53.4404],[231.5957,53.4425],[231.5625,53.4277],[231.5204,53.4307],[231.5085,53.4167],[231.4765,53.4069],[231.4789,53.3999],[231.5041,53.3967],[231.5155,53.3921],[231.5127,53.3813],[231.5053,53.3715],[231.51,53.3435],[231.5196,53.3346],[231.5133,53.3307],[231.5058,53.3345],[231.4979,53.35],[231.5045,53.3648],[231.5017,53.3735],[231.5078,53.3834],[231.5093,53.3938],[231.4878,53.3973],[231.4781,53.3957],[231.4627,53.4064],[231.4289,53.4176],[231.4093,53.4339],[231.3624,53.4552],[231.3424,53.475],[231.3352,53.4749],[231.3242,53.4813],[231.3059,53.4844],[231.2908,53.491],[231.2799,53.4909],[231.2795,53.4887],[231.2978,53.4795],[231.3014,53.4711],[231.3192,53.4597],[231.3192,53.4528],[231.3151,53.4484],[231.2957,53.471],[231.271,53.4883],[231.2443,53.4855],[231.2423,53.4895],[231.2329,53.4908],[231.2324,53.5034],[231.2226,53.5258],[231.2168,53.5273],[231.2167,53.5322],[231.2007,53.549],[231.2011,53.5544],[231.188,53.5674],[231.1822,53.5688],[231.1585,53.5544],[231.1511,53.5425],[231.1309,53.5299],[231.0758,53.5331],[231.0644,53.541],[231.0568,53.541],[231.033,53.5502],[231.0125,53.5415],[231.0153,53.5364],[231.0388,53.5342],[231.0295,53.5235],[231.0326,53.5086],[231.0248,53.4946],[231.0268,53.4906],[231.0365,53.4887],[231.0349,53.4834],[231.0397,53.481],[231.0468,53.4658],[231.0541,53.462],[231.053,53.4596],[231.0589,53.4597],[231.0777,53.4449],[231.0856,53.446],[231.1028,53.4704],[231.1308,53.4813],[231.1585,53.4761],[231.1651,53.4695],[231.1617,53.4665],[231.1436,53.4684],[231.1274,53.465],[231.1289,53.4612],[231.125,53.4579],[231.1244,53.451],[231.0951,53.4295],[231.1145,53.4106],[231.1179,53.4007],[231.1123,53.3937],[231.1169,53.3791],[231.1071,53.3674],[231.1099,53.356],[231.135,53.3647],[231.1514,53.3611],[231.1358,53.3584],[231.1155,53.3497],[231.1123,53.3468],[231.1135,53.3355],[231.1104,53.3296],[231.1119,53.3191],[231.1156,53.3155],[231.1113,53.3123],[231.1136,53.3067],[231.1248,53.2943],[231.1392,53.2847],[231.1401,53.2792],[231.1487,53.27],[231.1684,53.2617],[231.1885,53.2465],[231.2707,53.2024],[231.3084,53.188],[231.3421,53.1807],[231.3447,53.1841],[231.3333,53.2029],[231.3269,53.2079],[231.3247,53.2208],[231.3136,53.2393],[231.3141,53.2419],[231.3194,53.2408],[231.3239,53.2373],[231.3281,53.2246],[231.3387,53.2208],[231.3375,53.2143],[231.3556,53.1844],[231.368,53.1732],[231.3681,53.1688],[231.3945,53.1614],[231.3961,53.1569],[231.4056,53.1516],[231.4097,53.1411],[231.4202,53.1288],[231.4421,53.1353],[231.4559,53.1351],[231.4665,53.1306],[231.4783,53.1314],[231.5132,53.1465],[231.5216,53.1458],[231.5222,53.1381],[231.5178,53.1346],[231.4882,53.1241],[231.4686,53.1235],[231.4501,53.1286],[231.4372,53.1248],[231.4302,53.1176],[231.4286,53.1105],[231.443,53.0878],[231.47,53.0966],[231.5104,53.0963],[231.5344,53.1063],[231.5538,53.105],[231.5697,53.0987],[231.5732,53.0895],[231.5684,53.0837],[231.5617,53.0859],[231.5508,53.0962],[231.5415,53.0926],[231.5276,53.0948],[231.5236,53.0922],[231.4671,53.0865],[231.4491,53.0659],[231.4545,53.0624],[231.4758,53.0323],[231.4792,53.0135],[231.4885,53.0156],[231.4948,53.0131],[231.4868,53.0066],[231.4868,52.9792],[231.4922,52.97],[231.4911,52.9586],[231.4968,52.9456],[231.4963,52.9323],[231.5002,52.9277],[231.5161,52.9182],[231.5164,52.9207],[231.5265,52.9187],[231.5328,52.9232],[231.5438,52.9235],[231.5586,52.9294],[231.5717,52.9396],[231.5833,52.9434],[231.5893,52.9408],[231.5873,52.935],[231.5615,52.9211],[231.5412,52.92],[231.5263,52.915],[231.5148,52.9154],[231.4995,52.9209],[231.4984,52.8899],[231.5015,52.8832],[231.52,52.8634],[231.53,52.8602],[231.5333,52.8533],[231.5455,52.8449],[231.554,52.8253],[231.5672,52.8136],[231.5809,52.8209],[231.5969,52.8239],[231.6101,52.8338],[231.6093,52.8176],[231.6355,52.8077],[231.6538,52.8051],[231.6671,52.7978],[231.7573,52.7987],[231.7757,52.8069],[231.7789,52.815],[231.7926,52.8243],[231.7969,52.8327],[231.781,52.8349],[231.7814,52.8376],[231.8071,52.8421],[231.8397,52.8586],[231.8422,52.8796],[231.8629,52.9067],[231.8661,52.9277],[231.8703,52.925],[231.8724,52.9155],[231.8842,52.9094],[231.9182,52.9095],[231.9527,52.9172],[231.965,52.9151],[231.9639,52.9093],[231.9722,52.9029],[231.9577,52.9093],[231.9353,52.9052],[231.913,52.896],[231.882,52.8967],[231.8784,52.8926],[231.8844,52.8777],[231.874,52.8743],[231.874,52.879],[231.8782,52.8813],[231.8747,52.8916],[231.8633,52.8767],[231.8626,52.8551],[231.8553,52.846],[231.8596,52.8385],[231.8671,52.8397],[231.875,52.8328],[231.8714,52.8226],[231.8754,52.8102],[231.8696,52.7913],[231.8689,52.768],[231.9125,52.7759],[231.9592,52.7609],[231.9976,52.757],[231.9994,52.761],[231.9958,52.7781],[231.9993,52.7856],[232.0047,52.7868],[232.01,52.7821],[232.0111,52.766],[232.01819999999998,52.7559],[232.0241,52.7511],[232.0405,52.7519],[232.0491,52.7479],[232.05419999999998,52.7423],[232.05349999999999,52.7385],[232.06040000000002,52.7382],[232.0729,52.7437],[232.0822,52.7425],[232.0972,52.7472],[232.1126,52.7567],[232.1196,52.7523],[232.1255,52.754],[232.1276,52.7498],[232.14440000000002,52.7449],[232.1482,52.74],[232.17079999999999,52.7344],[232.16129999999998,52.7312],[232.149,52.734],[232.1402,52.7409],[232.1277,52.7403],[232.12290000000002,52.75],[232.119,52.7514],[232.0968,52.7368],[232.05259999999998,52.7285],[232.0424,52.7306],[232.035,52.7427],[232.02859999999998,52.7396],[232.01170000000002,52.7399],[231.9641,52.7495],[231.9121,52.7647],[231.8845,52.759],[231.8633,52.7258],[231.8641,52.7128],[231.8564,52.7064],[231.8507,52.6952],[231.8409,52.6915],[231.8301,52.6793],[231.821,52.6528],[231.8182,52.6287],[231.8036,52.622],[231.7818,52.5893],[231.7693,52.5779],[231.7688,52.5717],[231.753,52.5718],[231.7558,52.5602],[231.7521,52.554],[231.7555,52.5504],[231.7533,52.5449],[231.7555,52.5371],[231.7517,52.5353],[231.752,52.5301],[231.7643,52.4955],[231.7759,52.4846],[231.7974,52.4863],[231.8006,52.4835],[231.78,52.4784],[231.7754,52.4744],[231.777,52.4689],[231.7718,52.4605],[231.7727,52.4487],[231.7684,52.4502],[231.7661,52.4407],[231.762,52.4439],[231.7631,52.4334],[231.7578,52.4321],[231.7586,52.428],[231.7528,52.4201],[231.746,52.4181],[231.7478,52.4094],[231.7349,52.4053],[231.7378,52.4036],[231.7346,52.4022],[231.7392,52.391],[231.7238,52.4058],[231.6889,52.3994],[231.6805,52.3863],[231.6556,52.3684],[231.6628,52.3654],[231.6448,52.3626],[231.623,52.3506],[231.6277,52.345],[231.6241,52.3394],[231.6287,52.3346],[231.6438,52.344],[231.653,52.3412],[231.6605,52.3477],[231.6593,52.3559],[231.6632,52.3553],[231.6628,52.342],[231.6563,52.3387],[231.6618,52.334],[231.6511,52.327],[231.6556,52.3263],[231.6748,52.3396],[231.6753,52.3434],[231.672,52.3454],[231.6738,52.3552],[231.6779,52.3514],[231.6758,52.3381],[231.6492,52.3204],[231.6452,52.3149],[231.6485,52.3113],[231.6415,52.3104],[231.6291,52.2939],[231.6317,52.2883],[231.6498,52.2829],[231.6764,52.2806],[231.6385,52.2796],[231.6229,52.2838],[231.6193,52.2808],[231.625,52.2769],[231.6178,52.2654],[231.6252,52.266],[231.6294,52.2711],[231.6362,52.2727],[231.6423,52.2705],[231.6407,52.2665],[231.6521,52.2636],[231.6603,52.2689],[231.6776,52.2696],[231.6787,52.2724],[231.6721,52.2756],[231.6823,52.2748],[231.6989,52.2826],[231.678,52.2659],[231.6829,52.2605],[231.7051,52.256],[231.7165,52.2615],[231.7244,52.271],[231.7253,52.2772],[231.7331,52.2808],[231.7384,52.2857],[231.7398,52.2921],[231.7587,52.3051],[231.7653,52.3132],[231.7691,52.326],[231.7767,52.3296],[231.7772,52.3353],[231.7866,52.342],[231.7884,52.3496],[231.795,52.3516],[231.7976,52.3615],[231.8122,52.3676],[231.8293,52.3953],[231.8364,52.395],[231.852,52.4165],[231.8506,52.431],[231.7945,52.462],[231.8402,52.4452],[231.843,52.4471],[231.8384,52.4675],[231.8405,52.468],[231.8448,52.4519],[231.8571,52.4395],[231.8767,52.4566],[231.8768,52.4631],[231.8867,52.464],[231.8953,52.4723],[231.8931,52.4865],[231.8989,52.4879],[231.9041,52.4961],[231.896,52.5063],[231.8958,52.5118],[231.906,52.5127],[231.9081,52.5203],[231.9147,52.5119],[231.9182,52.5129],[231.9165,52.5181],[231.904,52.5286],[231.9005,52.5375],[231.8859,52.5487],[231.8901,52.5514],[231.8909,52.5586],[231.8893,52.572],[231.8861,52.5741],[231.8876,52.5975],[231.8938,52.6003],[231.9128,52.5987],[231.9306,52.6149],[231.9508,52.6257],[231.9527,52.6318],[231.9484,52.6492],[231.9537,52.6516],[231.9564,52.6499],[231.957,52.6327],[231.9658,52.6345],[231.9734,52.6296],[231.9705,52.6261],[231.9642,52.6256],[231.9656,52.6224],[231.9576,52.611],[231.9361,52.6055],[231.9043,52.5902],[231.9023,52.5604],[231.8966,52.5517],[231.9044,52.5474],[231.9117,52.5318],[231.9256,52.5207],[231.9301,52.5109],[231.9464,52.5131],[231.951,52.5184],[231.9641,52.5195],[231.9675,52.5174],[231.9661,52.5146],[231.9754,52.5138],[231.9626,52.5278],[231.9636,52.5331],[231.9679,52.5345],[231.9839,52.5304],[231.9881,52.5256],[231.9851,52.5188],[231.9874,52.5173],[232.0106,52.5228],[232.0197,52.519],[232.01600000000002,52.5152],[232.00799999999998,52.5167],[232.0059,52.514],[231.9947,52.5127],[231.9917,52.5062],[231.9827,52.5042],[231.9772,52.4987],[231.9702,52.5008],[231.9636,52.4967],[231.9689,52.4926],[231.9546,52.4833],[231.9615,52.4793],[231.9629,52.4697],[231.9693,52.4674],[231.9238,52.4593],[231.9198,52.4553],[231.9198,52.4354],[231.9145,52.4355],[231.9142,52.4297],[231.9206,52.4261],[231.9213,52.4177],[231.9257,52.4148],[231.9256,52.4095],[231.9306,52.4035],[231.9294,52.3975],[231.9409,52.3821],[231.9539,52.346],[231.9616,52.3389],[231.9595,52.3307],[231.9732,52.3239],[231.9742,52.3187],[231.9834,52.3213],[231.9851,52.349],[231.9925,52.3587],[231.9803,52.3715],[231.985,52.378],[232.0,52.384],[231.9993,52.3896],[231.9855,52.3924],[231.9983,52.395],[232.00650000000002,52.401],[232.003,52.4047],[232.00119999999998,52.419],[232.00459999999998,52.4264],[231.9997,52.436],[232.0014,52.4411],[231.9987,52.447],[232.0084,52.455],[232.0134,52.4658],[232.0265,52.4696],[232.0389,52.4786],[232.03539999999998,52.474],[232.0378,52.4711],[232.0249,52.4617],[232.02339999999998,52.4508],[232.0109,52.4348],[232.0161,52.4251],[232.01479999999998,52.412],[232.0113,52.4072],[232.01420000000002,52.3982],[232.00889999999998,52.3821],[231.993,52.3757],[231.9876,52.3697],[231.9902,52.3629],[231.996,52.3627],[232.00130000000001,52.3537],[231.993,52.3433],[231.9939,52.3316],[231.9885,52.3197],[231.9936,52.3177],[232.0109,52.3224],[232.0198,52.3195],[232.0197,52.3153],[232.0249,52.3138],[232.0558,52.3233],[232.0595,52.3361],[232.0555,52.3489],[232.0577,52.3579],[232.1175,52.3724],[232.10309999999998,52.3923],[232.0651,52.4237],[232.0573,52.4365],[232.0555,52.4495],[232.0605,52.4639],[232.06709999999998,52.4581],[232.06810000000002,52.4506],[232.0727,52.4497],[232.0941,52.4674],[232.0944,52.4839],[232.10070000000002,52.4881],[232.1079,52.5004],[232.1183,52.5036],[232.1245,52.5001],[232.1436,52.5003],[232.161,52.5115],[232.1674,52.5097],[232.162,52.4985],[232.1689,52.4898],[232.1772,52.4852],[232.1784,52.481],[232.19240000000002,52.4827],[232.1994,52.4725],[232.1985,52.4655],[232.2087,52.4554],[232.2172,52.4546],[232.2346,52.4657],[232.25740000000002,52.472],[232.2867,52.4519],[232.2756,52.452],[232.25490000000002,52.4631],[232.24079999999998,52.4615],[232.21710000000002,52.4485],[232.197,52.4518],[232.1891,52.4574],[232.1893,52.4712],[232.18529999999998,52.4764],[232.17829999999998,52.4725],[232.16910000000001,52.4737],[232.1549,52.4843],[232.1535,52.4925],[232.1454,52.49],[232.1288,52.4949],[232.1233,52.4825],[232.1193,52.4881],[232.11,52.4817],[232.1126,52.4642],[232.1095,52.4606],[232.09,52.449],[232.07229999999998,52.4442],[232.07479999999998,52.4298],[232.0916,52.4182],[232.10559999999998,52.4136],[232.1088,52.4172],[232.1086,52.4245],[232.11759999999998,52.42],[232.1177,52.4084],[232.12439999999998,52.3955],[232.1361,52.3874],[232.1394,52.3906],[232.14440000000002,52.3881],[232.1439,52.385],[232.14780000000002,52.3828],[232.148,52.376],[232.14350000000002,52.3747],[232.1438,52.3712],[232.15179999999998,52.3508],[232.1601,52.3414],[232.1538,52.3414],[232.1461,52.3546],[232.13299999999998,52.3626],[232.0744,52.349],[232.076,52.3342],[232.06740000000002,52.3163],[232.0721,52.3073],[232.0682,52.3009],[232.06959999999998,52.2915],[232.0738,52.2811],[232.0918,52.2698],[232.09910000000002,52.2591],[232.0974,52.2488],[232.1044,52.2371],[232.1015,52.2247],[232.1119,52.209],[232.1119,52.2046],[232.118,52.1988],[232.1248,52.1981],[232.1298,52.2029],[232.1378,52.2029],[232.14010000000002,52.2015],[232.1304,52.1972],[232.1335,52.1929],[232.1448,52.1992],[232.1479,52.2082],[232.1541,52.2119],[232.1515,52.2132],[232.1524,52.2178],[232.1609,52.2225],[232.1682,52.2349],[232.1787,52.2401],[232.18110000000001,52.2488],[232.19029999999998,52.2517],[232.2091,52.2666],[232.2148,52.2672],[232.2147,52.2719],[232.22129999999999,52.2775],[232.232,52.2956],[232.2396,52.3],[232.23829999999998,52.3176],[232.2498,52.3264],[232.2563,52.3425],[232.279,52.3583],[232.30700000000002,52.3522],[232.3074,52.3468],[232.28230000000002,52.35],[232.26569999999998,52.3387],[232.26659999999998,52.3274],[232.24720000000002,52.3126],[232.251,52.2922],[232.2406,52.2873],[232.2381,52.2774],[232.24169999999998,52.271],[232.26229999999998,52.2687],[232.2701,52.272],[232.2827,52.2717],[232.3063,52.2824],[232.3164,52.2911],[232.3271,52.2935],[232.3501,52.2912],[232.3612,52.2841],[232.3742,52.2832],[232.3965,52.296],[232.3948,52.3151],[232.3998,52.3193],[232.41989999999998,52.3196],[232.4291,52.316],[232.439,52.3218],[232.45589999999999,52.3237],[232.4617,52.3306],[232.493,52.333],[232.51479999999998,52.3405],[232.5239,52.354],[232.5188,52.3654],[232.5096,52.3758],[232.50209999999998,52.3812],[232.469,52.3907],[232.461,52.3972],[232.46800000000002,52.3994],[232.4799,52.3919],[232.5032,52.3864],[232.51850000000002,52.3754],[232.5298,52.3785],[232.5395,52.3922],[232.53730000000002,52.3949],[232.5402,52.3986],[232.5389,52.4015],[232.5464,52.4065],[232.5636,52.4143],[232.57330000000002,52.4019],[232.5823,52.4045],[232.5821,52.4097],[232.5462,52.425],[232.524,52.4471],[232.5136,52.4519],[232.4829,52.4897],[232.46359999999999,52.5023],[232.4534,52.5157],[232.4479,52.5175],[232.40519999999998,52.5562],[232.39679999999998,52.5606],[232.38819999999998,52.5687],[232.3827,52.587],[232.37439999999998,52.5928],[232.3684,52.6051],[232.3812,52.6057],[232.3951,52.5894],[232.3988,52.5774],[232.41899999999998,52.5609],[232.4305,52.5462],[232.4571,52.5311],[232.4638,52.5206],[232.4728,52.5177],[232.4788,52.5082],[232.5007,52.4904],[232.51,52.4756],[232.5299,52.4663],[232.5608,52.4399],[232.57080000000002,52.4268],[232.59109999999998,52.417],[232.62380000000002,52.4231],[232.6495,52.4167],[232.65730000000002,52.4181],[232.67669999999998,52.4287],[232.6775,52.44],[232.6728,52.4451],[232.6766,52.448],[232.67329999999998,52.4514],[232.6809,52.457],[232.6851,52.4596],[232.6901,52.4568],[232.67700000000002,52.4461],[232.68290000000002,52.4428],[232.6937,52.4531],[232.7045,52.4534],[232.7273,52.4622],[232.72910000000002,52.4692],[232.7389,52.4748],[232.73590000000002,52.4867],[232.7242,52.4932],[232.7244,52.4957],[232.7339,52.4986],[232.7323,52.5183],[232.7371,52.5222],[232.7369,52.5303],[232.74630000000002,52.5392],[232.7456,52.543],[232.77859999999998,52.5565],[232.7797,52.5611],[232.7576,52.5816],[232.7841,52.5674],[232.8039,52.5753],[232.81810000000002,52.5773],[232.83100000000002,52.5865],[232.836,52.5868],[232.8374,52.5899],[232.8293,52.5985],[232.83960000000002,52.6],[232.85129999999998,52.5951],[232.86759999999998,52.5943],[232.8768,52.6027],[232.88830000000002,52.6219],[232.921,52.6347],[232.9626,52.642],[232.969,52.6645],[232.9918,52.6687],[232.9921,52.685],[233.0004,52.6873],[233.0139,52.6974],[233.0229,52.7123],[233.0381,52.7164],[233.0275,52.7235],[233.0223,52.7392],[233.01069999999999,52.7473],[232.99790000000002,52.7633],[233.0001,52.7733],[233.0061,52.7772],[233.0076,52.7898],[233.013,52.7928],[233.0044,52.8029],[233.00639999999999,52.8124],[232.92700000000002,52.864],[232.916,52.8756],[232.92849999999999,52.8806],[232.93290000000002,52.879],[232.9497,52.867],[232.9619,52.8626],[232.98829999999998,52.8383],[233.0281,52.8407],[233.0359,52.8344],[233.0343,52.8291],[233.0187,52.8189],[233.0159,52.8122],[233.0283,52.8013],[233.0489,52.7981],[233.0509,52.7892],[233.04410000000001,52.7819],[233.04770000000002,52.7705],[233.04160000000002,52.765],[233.0595,52.7344],[233.083,52.7245],[233.0802,52.7113],[233.071,52.7026],[233.05200000000002,52.6974],[233.0399,52.6862],[233.0254,52.6791],[233.0239,52.6695],[233.0266,52.6624],[233.0217,52.6547],[233.02249999999998,52.6442],[233.0154,52.6412],[233.01229999999998,52.6301],[233.0009,52.6258],[232.95999999999998,52.6282],[232.9255,52.6172],[232.8997,52.6054],[232.8945,52.5999],[232.8931,52.586],[232.8802,52.5771],[232.8511,52.5742],[232.8284,52.5613],[232.8127,52.5577],[232.8077,52.5407],[232.7969,52.537],[232.7702,52.5355],[232.7644,52.5298],[232.7628,52.5127],[232.77190000000002,52.4932],[232.7803,52.4867],[232.7827,52.4715],[232.7765,52.467],[232.7772,52.4619],[232.75709999999998,52.4516],[232.7776,52.4431],[232.7798,52.4441],[232.7782,52.4474],[232.79770000000002,52.4385],[232.809,52.426],[232.8115,52.4177],[232.8098,52.4075],[232.7998,52.4016],[232.8019,52.3995],[232.7908,52.3964],[232.7828,52.3847],[232.80180000000001,52.3837],[232.8135,52.3775],[232.83530000000002,52.352],[232.8361,52.3427],[232.8647,52.3396],[232.8693,52.3451],[232.8911,52.3336],[232.947,52.3338],[232.966,52.3389],[232.9922,52.3326],[233.014,52.3322],[233.019,52.3348],[233.0204,52.3418],[233.029,52.3456],[233.0325,52.3573],[233.0427,52.3658],[233.0728,52.3683],[233.08589999999998,52.3644],[233.08530000000002,52.3672],[233.09,52.3702],[233.1218,52.381],[233.1653,52.3886],[233.2018,52.4001],[233.2237,52.3944],[233.22480000000002,52.3921],[233.21949999999998,52.3877],[233.22230000000002,52.3829],[233.2173,52.379],[233.2197,52.3764],[233.2164,52.3733],[233.1968,52.3763],[233.18,52.3704],[233.15949999999998,52.3699],[233.1205,52.3628],[233.1123,52.3501],[233.0947,52.3442],[233.0826,52.343],[233.0743,52.3488],[233.0685,52.3476],[233.0655,52.3444],[233.06459999999998,52.3277],[233.0539,52.3182],[233.0341,52.3113],[233.03910000000002,52.3033],[233.04919999999998,52.297],[233.0598,52.2766],[233.0845,52.2501],[233.0796,52.2415],[233.0811,52.2308],[233.08589999999998,52.2235],[233.0879,52.2108],[233.09539999999998,52.205],[233.099,52.1967],[233.13490000000002,52.178],[233.13909999999998,52.1774],[233.1406,52.181],[233.14960000000002,52.1772],[233.15460000000002,52.174],[233.1556,52.1671],[233.18880000000001,52.1584],[233.2018,52.1495],[233.2172,52.131],[233.2495,52.1136],[233.2828,52.0736],[233.3081,52.059],[233.3161,52.0495],[233.3247,52.0474],[233.3202,52.0414],[233.3226,52.0339],[233.31380000000001,52.027],[233.3115,52.0182],[233.316,52.0083],[233.3265,52.0036],[233.3183,51.9946],[233.3305,51.9802],[233.3297,51.9703],[233.333,51.9631],[233.31959999999998,51.9636],[233.3172,51.9761],[233.3057,51.9869],[233.309,51.9904],[233.3143,51.9894],[233.31470000000002,51.9923],[233.3078,51.9969],[233.2981,51.9979],[233.3078,52.0142],[233.3044,52.0255],[233.2449,52.0764],[233.23430000000002,52.0916],[233.20499999999998,52.109],[233.1947,52.1239],[233.1704,52.14],[233.1639,52.1475],[233.1433,52.1541],[233.132,52.1626],[233.1089,52.1698],[233.0737,52.1885],[233.0577,52.2136],[233.06310000000002,52.2272],[233.0439,52.2613],[232.999,52.299],[232.98000000000002,52.3024],[232.97570000000002,52.3084],[232.9667,52.3105],[232.94580000000002,52.3031],[232.9337,52.3051],[232.9168,52.2994],[232.8843,52.3115],[232.87099999999998,52.3101],[232.8472,52.3169],[232.8381,52.3136],[232.83589999999998,52.3091],[232.8218,52.3138],[232.81810000000002,52.2928],[232.7947,52.2933],[232.7877,52.2736],[232.77609999999999,52.2728],[232.76850000000002,52.265],[232.7582,52.2614],[232.74360000000001,52.2615],[232.736,52.2518],[232.71359999999999,52.2407],[232.7067,52.2322],[232.6865,52.235],[232.6817,52.231],[232.6592,52.2335],[232.64069999999998,52.2262],[232.6135,52.2235],[232.60070000000002,52.2181],[232.5996,52.2037],[232.5759,52.1895],[232.5563,52.1876],[232.5408,52.1913],[232.52710000000002,52.1868],[232.52620000000002,52.1827],[232.5439,52.1749],[232.5445,52.1584],[232.5626,52.1391],[232.5678,52.1274],[232.5643,52.1176],[232.5703,52.1146],[232.5824,52.1151],[232.5924,52.1086],[232.613,52.1117],[232.6096,52.1059],[232.6181,52.1028],[232.608,52.1043],[232.60039999999998,52.0997],[232.5837,52.1059],[232.56459999999998,52.1071],[232.56740000000002,52.1001],[232.5636,52.0944],[232.5435,52.0801],[232.5341,52.0774],[232.5082,52.0847],[232.4903,52.0818],[232.4869,52.0775],[232.465,52.0892],[232.4444,52.089],[232.4361,52.0813],[232.4325,52.0729],[232.4211,52.0648],[232.413,52.0447],[232.39870000000002,52.0419],[232.3951,52.0383],[232.39100000000002,52.0398],[232.3913,52.0329],[232.3853,52.0341],[232.3861,52.0402],[232.397,52.0492],[232.3995,52.0597],[232.3973,52.0648],[232.4219,52.1011],[232.4462,52.105],[232.4827,52.1014],[232.4981,52.0958],[232.5047,52.1],[232.523,52.0989],[232.5365,52.1112],[232.5326,52.1215],[232.5369,52.1276],[232.527,52.1461],[232.5161,52.1498],[232.50920000000002,52.1565],[232.4959,52.1547],[232.4742,52.1582],[232.4712,52.1475],[232.4553,52.1307],[232.4451,52.1247],[232.43380000000002,52.122],[232.411,52.1247],[232.3923,52.121],[232.3843,52.1039],[232.3871,52.097],[232.373,52.0841],[232.36939999999998,52.0688],[232.35840000000002,52.061],[232.3506,52.0381],[232.3444,52.0294],[232.34480000000002,52.0261],[232.34910000000002,52.0247],[232.36579999999998,52.0267],[232.3677,52.0192],[232.3592,52.0101],[232.34890000000001,52.0054],[232.3458,51.9845],[232.3367,51.9728],[232.3255,51.9658],[232.3304,51.9647],[232.333,51.9602],[232.33159999999998,51.9514],[232.32479999999998,51.9484],[232.3243,51.9513],[232.3157,51.953],[232.2927,51.9415],[232.28640000000001,51.9465],[232.25279999999998,51.9525],[232.2224,51.936],[232.209,51.9386],[232.1929,51.9355],[232.1592,51.9148],[232.1581,51.908],[232.1507,51.9117],[232.1529,51.9088],[232.1498,51.9063],[232.1514,51.9035],[232.1554,51.9047],[232.1549,51.9015],[232.1393,51.9065],[232.1318,51.9029],[232.1283,51.9049],[232.1174,51.8969],[232.1122,51.8853],[232.11239999999998,51.8782],[232.1205,51.8811],[232.1258,51.8766],[232.1377,51.8872],[232.14159999999998,51.8844],[232.1335,51.8802],[232.127,51.8672],[232.1322,51.8649],[232.1443,51.8727],[232.1498,51.8729],[232.14839999999998,51.8685],[232.1414,51.8689],[232.1366,51.8624],[232.1308,51.8612],[232.13330000000002,51.8587],[232.124,51.857],[232.11329999999998,51.8486],[232.1251,51.8496],[232.12900000000002,51.8443],[232.112,51.8431],[232.106,51.8383],[232.119,51.8373],[232.12290000000002,51.8415],[232.1265,51.8411],[232.11939999999998,51.833],[232.1088,51.8286],[232.10309999999998,51.8173],[232.1069,51.8087],[232.1052,51.8013],[232.1169,51.7814],[232.11669999999998,51.7761],[232.1273,51.7777],[232.1248,51.7729],[232.1196,51.7733],[232.118,51.7704],[232.1264,51.7616],[232.12630000000001,51.7572],[232.11079999999998,51.731],[232.1149,51.7244],[232.1088,51.7147],[232.1122,51.7073],[232.1197,51.7059],[232.13049999999998,51.7133],[232.13420000000002,51.7112],[232.1422,51.7135],[232.1208,51.7014],[232.1121,51.7025],[232.11090000000002,51.6923],[232.12,51.6904],[232.1169,51.6806],[232.1221,51.6808],[232.122,51.6698],[232.1304,51.6691],[232.12810000000002,51.6637],[232.1316,51.6596],[232.1404,51.6572],[232.1489,51.6421],[232.155,51.6438],[232.1605,51.637],[232.1702,51.6326],[232.1737,51.6344],[232.1596,51.6419],[232.16899999999998,51.6416],[232.16559999999998,51.6509],[232.1775,51.6664],[232.18290000000002,51.6668],[232.1775,51.6625],[232.1753,51.6427],[232.1766,51.6352],[232.1802,51.6331],[232.1778,51.6298],[232.1849,51.6262],[232.18349999999998,51.6237],[232.209,51.6228],[232.2091,51.6403],[232.215,51.6416],[232.2159,51.6362],[232.2264,51.6309],[232.2314,51.6324],[232.2307,51.6367],[232.24099999999999,51.6456],[232.2486,51.637],[232.2482,51.6318],[232.24200000000002,51.6289],[232.2437,51.6248],[232.2597,51.6298],[232.2659,51.6367],[232.2724,51.6276],[232.2816,51.6513],[232.2831,51.6343],[232.2793,51.6291],[232.28480000000002,51.6242],[232.27609999999999,51.6237],[232.2774,51.6189],[232.27429999999998,51.6173],[232.2764,51.6152],[232.29000000000002,51.6131],[232.2883,51.6162],[232.291,51.6168],[232.296,51.6145],[232.3022,51.6219],[232.308,51.6219],[232.31279999999998,51.6322],[232.313,51.6248],[232.3072,51.6199],[232.3213,51.6039],[232.33249999999998,51.6022],[232.2828,51.6077],[232.27859999999998,51.6035],[232.26690000000002,51.6088],[232.26409999999998,51.6059],[232.26839999999999,51.6039],[232.2552,51.6067],[232.2441,51.5938],[232.23950000000002,51.6017],[232.2256,51.6001],[232.22629999999998,51.6099],[232.2151,51.6088],[232.21620000000001,51.6056],[232.20440000000002,51.5955],[232.21179999999998,51.5873],[232.2048,51.5853],[232.1999,51.5811],[232.1999,51.5771],[232.2052,51.5749],[232.2031,51.5741],[232.2061,51.572],[232.2047,51.5615],[232.2159,51.5557],[232.2076,51.5504],[232.2021,51.5421],[232.2073,51.5418],[232.1999,51.5358],[232.20569999999998,51.5351],[232.1995,51.5317],[232.2036,51.5289],[232.2196,51.5297],[232.2179,51.5267],[232.224,51.5261],[232.2102,51.5191],[232.2154,51.518],[232.2138,51.5161],[232.2203,51.5172],[232.231,51.5237],[232.22820000000002,51.5319],[232.2299,51.5379],[232.2364,51.5385],[232.2371,51.5423],[232.2423,51.5438],[232.2483,51.5369],[232.2465,51.5323],[232.25029999999998,51.5305],[232.2473,51.5241],[232.2561,51.5259],[232.2629,51.5221],[232.27100000000002,51.5222],[232.2875,51.5322],[232.30200000000002,51.5361],[232.31529999999998,51.5357],[232.3186,51.5332],[232.316,51.527],[232.3302,51.5251],[232.3252,51.5224],[232.3271,51.5181],[232.3231,51.5137],[232.3409,51.5173],[232.3619,51.5291],[232.37529999999998,51.549],[232.3983,51.5618],[232.4057,51.5674],[232.4082,51.575],[232.4173,51.5767],[232.42579999999998,51.5852],[232.4282,51.5947],[232.4413,51.6089],[232.4448,51.6285],[232.45229999999998,51.6378],[232.45260000000002,51.6572],[232.45,51.6617],[232.4659,51.6408],[232.4722,51.6443],[232.4826,51.6426],[232.49290000000002,51.6459],[232.4982,51.6429],[232.5149,51.6464],[232.5223,51.6497],[232.53230000000002,51.6606],[232.5317,51.6675],[232.5421,51.6845],[232.4756,51.6925],[232.44889999999998,51.6842],[232.4232,51.6971],[232.3964,51.6983],[232.34050000000002,51.7069],[232.3735,51.7074],[232.38580000000002,51.7106],[232.4262,51.7058],[232.43779999999998,51.7083],[232.4543,51.702],[232.4745,51.7047],[232.4906,51.7032],[232.51170000000002,51.6962],[232.54340000000002,51.6943],[232.5463,51.6986],[232.5448,51.718],[232.53730000000002,51.7349],[232.5374,51.7526],[232.54930000000002,51.7708],[232.54770000000002,51.7781],[232.5614,51.7817],[232.5607,51.7748],[232.56959999999998,51.7721],[232.56740000000002,51.7708],[232.57049999999998,51.7687],[232.57850000000002,51.7726],[232.58839999999998,51.771],[232.5994,51.7817],[232.5994,51.7921],[232.6058,51.8063],[232.6147,51.8112],[232.6207,51.8252],[232.628,51.8312],[232.6371,51.8676],[232.6437,51.8688],[232.6483,51.8628],[232.6436,51.8474],[232.6465,51.8366],[232.6427,51.8243],[232.63580000000002,51.823],[232.62900000000002,51.8105],[232.6129,51.7965],[232.6205,51.7917],[232.6199,51.779],[232.6049,51.7659],[232.5947,51.763],[232.5616,51.7661],[232.5513,51.7543],[232.5543,51.7248],[232.563,51.7127],[232.5641,51.7041],[232.5608,51.6895],[232.5479,51.6724],[232.5485,51.6643],[232.5721,51.657],[232.5781,51.6635],[232.5735,51.6659],[232.5771,51.6709],[232.59550000000002,51.6756],[232.6049,51.6821],[232.6148,51.6826],[232.6236,51.6792],[232.6361,51.6811],[232.64339999999999,51.6923],[232.64,51.7013],[232.6446,51.7068],[232.6602,51.7058],[232.6586,51.7012],[232.66160000000002,51.696],[232.6731,51.69],[232.73590000000002,51.6842],[232.74110000000002,51.6818],[232.7376,51.6798],[232.74009999999998,51.6783],[232.7474,51.678],[232.73149999999998,51.6665],[232.6969,51.6684],[232.676,51.6658],[232.6482,51.6524],[232.6387,51.6567],[232.6153,51.6562],[232.6092,51.654],[232.6128,51.6511],[232.60989999999998,51.6456],[232.5916,51.6365],[232.55849999999998,51.6397],[232.551,51.6368],[232.5496,51.6318],[232.5408,51.6319],[232.52609999999999,51.6248],[232.5082,51.6272],[232.49540000000002,51.6232],[232.4889,51.6134],[232.4881,51.5908],[232.47570000000002,51.5712],[232.4794,51.5681],[232.4847,51.5728],[232.483,51.5661],[232.4872,51.5539],[232.4838,51.549],[232.4854,51.5409],[232.48239999999998,51.5378],[232.4819,51.5208],[232.4727,51.5062],[232.4586,51.4957],[232.4583,51.4914],[232.45350000000002,51.4921],[232.4632,51.5067],[232.4495,51.5062],[232.4383,51.5004],[232.4357,51.4792],[232.43869999999998,51.4735],[232.4462,51.4725],[232.4629,51.4858],[232.4645,51.484],[232.45850000000002,51.4772],[232.4631,51.4746],[232.4639,51.4585],[232.4764,51.4533],[232.519,51.4448],[232.5524,51.4469],[232.5754,51.442],[232.6015,51.4445],[232.618,51.4401],[232.64190000000002,51.4393],[232.6814,51.4414],[232.6951,51.431],[232.6893,51.4262],[232.6968,51.4218],[232.6981,51.4145],[232.69580000000002,51.4126],[232.70010000000002,51.4111],[232.6892,51.4079],[232.6976,51.4046],[232.7141,51.4082],[232.7482,51.4084],[232.7434,51.4083],[232.74599999999998,51.4056],[232.7338,51.4071],[232.7234,51.4032],[232.6961,51.4008],[232.6864,51.4061],[232.68470000000002,51.4269],[232.5957,51.4377],[232.5881,51.4351],[232.5682,51.438],[232.5525,51.4369],[232.5534,51.4312],[232.5346,51.4193],[232.5304,51.4097],[232.5202,51.4029],[232.5087,51.4064],[232.49259999999998,51.4016],[232.4435,51.4015],[232.5135,51.4115],[232.5292,51.4256],[232.5342,51.4359],[232.45420000000001,51.4548],[232.44670000000002,51.4621],[232.4583,51.4584],[232.4596,51.4649],[232.4524,51.4662],[232.44729999999998,51.4711],[232.4341,51.4728],[232.4118,51.4649],[232.39929999999998,51.4477],[232.3674,51.4313],[232.365,51.4225],[232.35399999999998,51.4106],[232.3542,51.4045],[232.3444,51.3947],[232.3441,51.3865],[232.33280000000002,51.3686],[232.3281,51.3713],[232.3305,51.3721],[232.3297,51.3792],[232.3348,51.3822],[232.3327,51.4031],[232.3098,51.3985],[232.3057,51.4036],[232.2971,51.4014],[232.2961,51.3964],[232.2865,51.394],[232.2895,51.396],[232.2876,51.3991],[232.27710000000002,51.4016],[232.2637,51.3936],[232.2594,51.3885],[232.2611,51.384],[232.2442,51.3687],[232.22750000000002,51.3666],[232.2236,51.3735],[232.21620000000001,51.3741],[232.2168,51.3681],[232.2236,51.3668],[232.2148,51.3638],[232.2074,51.3544],[232.20999999999998,51.3498],[232.21370000000002,51.3501],[232.2116,51.3464],[232.2165,51.3405],[232.2142,51.3341],[232.2235,51.3328],[232.21800000000002,51.3321],[232.21949999999998,51.329],[232.2274,51.3305],[232.2245,51.3261],[232.22809999999998,51.3258],[232.2199,51.3249],[232.2182,51.3207],[232.2276,51.3205],[232.2473,51.3274],[232.2446,51.3192],[232.262,51.3185],[232.264,51.3233],[232.2596,51.3246],[232.2654,51.3265],[232.2593,51.3263],[232.2634,51.3295],[232.267,51.3292],[232.2708,51.3219],[232.2834,51.322],[232.2874,51.3254],[232.3009,51.3258],[232.3106,51.3372],[232.324,51.3403],[232.33100000000002,51.3385],[232.33159999999998,51.341],[232.3385,51.3395],[232.3458,51.3329],[232.36700000000002,51.3337],[232.3812,51.3393],[232.39350000000002,51.3374],[232.4214,51.342],[232.4222,51.3368],[232.42919999999998,51.3378],[232.48309999999998,51.3508],[232.4964,51.3595],[232.52609999999999,51.3674],[232.52859999999998,51.3706],[232.5402,51.3713],[232.53199999999998,51.3659],[232.56220000000002,51.3676],[232.57170000000002,51.3753],[232.567,51.3764],[232.57,51.3801],[232.6058,51.387],[232.63909999999998,51.4066],[232.6446,51.4011],[232.6422,51.3983],[232.6217,51.3881],[232.5818,51.3795],[232.58100000000002,51.3745],[232.56959999999998,51.3696],[232.5685,51.3661],[232.574,51.365],[232.5718,51.3636],[232.54739999999998,51.3602],[232.53730000000002,51.3548],[232.4778,51.3433],[232.4639,51.3379],[232.47199999999998,51.3352],[232.48059999999998,51.3383],[232.47480000000002,51.3332],[232.47750000000002,51.3322],[232.4907,51.335],[232.5057,51.3325],[232.48000000000002,51.3296],[232.46089999999998,51.3226],[232.4598,51.3196],[232.4909,51.3205],[232.50369999999998,51.3157],[232.5263,51.3134],[232.55970000000002,51.3167],[232.57420000000002,51.3121],[232.6053,51.3123],[232.62900000000002,51.3064],[232.6483,51.3116],[232.64679999999998,51.3276],[232.6542,51.3379],[232.72820000000002,51.3421],[232.7613,51.3393],[232.80259999999998,51.3505],[232.8182,51.3508],[232.82479999999998,51.3475],[232.81990000000002,51.3446],[232.7914,51.3461],[232.76319999999998,51.3374],[232.73579999999998,51.34],[232.7191,51.3358],[232.68380000000002,51.3373],[232.6562,51.3331],[232.6517,51.3218],[232.6585,51.3161],[232.654,51.3093],[232.6596,51.3074],[232.6334,51.3051],[232.6377,51.3017],[232.65890000000002,51.3038],[232.68259999999998,51.3],[232.6875,51.3029],[232.7433,51.31],[232.7892,51.3181],[232.8071,51.3243],[232.81119999999999,51.3281],[232.8125,51.3371],[232.83429999999998,51.3429],[232.8428,51.3506],[232.84210000000002,51.3606],[232.87130000000002,51.3694],[232.8786,51.3786],[232.8789,51.3761],[232.8829,51.3765],[232.88240000000002,51.3821],[232.8856,51.3842],[232.8807,51.3878],[232.8822,51.391],[232.8913,51.3847],[232.8929,51.3731],[232.8837,51.3587],[232.9401,51.352],[232.92000000000002,51.3491],[232.88299999999998,51.3534],[232.8748,51.3608],[232.8646,51.3603],[232.8528,51.3548],[232.8528,51.3418],[232.83499999999998,51.333],[232.8298,51.3263],[232.8452,51.329],[232.8485,51.3327],[232.8563,51.3318],[232.8691,51.3398],[232.8746,51.3379],[232.87130000000002,51.3329],[232.851,51.3249],[232.8423,51.3177],[232.8218,51.3184],[232.8065,51.315],[232.7947,51.3085],[232.69819999999999,51.2941],[232.6961,51.2932],[232.6987,51.2918],[232.6385,51.291],[232.6225,51.2857],[232.6199,51.2897],[232.61180000000002,51.2899],[232.5928,51.2855],[232.53910000000002,51.282],[232.53629999999998,51.2767],[232.562,51.277],[232.57909999999998,51.2738],[232.57299999999998,51.27],[232.558,51.272],[232.5374,51.2695],[232.5304,51.2657],[232.4023,51.2646],[232.4101,51.2723],[232.4279,51.2796],[232.41469999999998,51.2827],[232.42079999999999,51.2859],[232.42669999999998,51.2821],[232.43200000000002,51.2833],[232.4352,51.2927],[232.441,51.2922],[232.4411,51.2875],[232.4149,51.2679],[232.4159,51.2644],[232.4281,51.2666],[232.4186,51.2682],[232.4284,51.2706],[232.4524,51.2698],[232.4692,51.2756],[232.5059,51.2735],[232.559,51.2872],[232.60989999999998,51.2905],[232.62290000000002,51.2956],[232.6163,51.2979],[232.5567,51.3038],[232.52589999999998,51.3008],[232.4725,51.3105],[232.46620000000001,51.3062],[232.4673,51.3028],[232.4633,51.2996],[232.4534,51.3062],[232.4411,51.3068],[232.4328,51.303],[232.4339,51.2985],[232.4291,51.2978],[232.4312,51.3036],[232.4229,51.302],[232.42520000000002,51.3055],[232.4136,51.3059],[232.3877,51.2953],[232.3914,51.2933],[232.3918,51.2877],[232.40359999999998,51.2884],[232.3915,51.2755],[232.4022,51.2709],[232.38979999999998,51.2731],[232.3768,51.2707],[232.3903,51.2763],[232.3785,51.2812],[232.3517,51.2781],[232.3594,51.2848],[232.36939999999998,51.2865],[232.36079999999998,51.2912],[232.3332,51.2788],[232.3416,51.2758],[232.3013,51.2642],[232.2898,51.2564],[232.2688,51.2597],[232.2394,51.2482],[232.2317,51.2491],[232.2138,51.2307],[232.22820000000002,51.2189],[232.2258,51.2168],[232.2283,51.2148],[232.21620000000001,51.2109],[232.21550000000002,51.2035],[232.2015,51.1965],[232.2156,51.193],[232.213,51.1897],[232.2183,51.1844],[232.2222,51.1863],[232.2276,51.1837],[232.2251,51.1813],[232.2264,51.1772],[232.219,51.1793],[232.2159,51.1774],[232.2176,51.1721],[232.21179999999998,51.1717],[232.212,51.1633],[232.2285,51.1582],[232.2455,51.1601],[232.2561,51.1505],[232.2544,51.1452],[232.2584,51.1415],[232.2687,51.144],[232.27800000000002,51.1409],[232.2747,51.1371],[232.27800000000002,51.1347],[232.2989,51.1413],[232.3161,51.133],[232.32510000000002,51.1235],[232.3318,51.1099],[232.3295,51.1061],[232.3204,51.105],[232.33249999999998,51.097],[232.3274,51.0929],[232.3462,51.0868],[232.3647,51.0913],[232.3668,51.0908],[232.3631,51.0889],[232.3647,51.0874],[232.4069,51.0898],[232.4176,51.0948],[232.4324,51.0912],[232.44389999999999,51.0946],[232.441,51.0981],[232.4564,51.103],[232.4784,51.0929],[232.49450000000002,51.0958],[232.48579999999998,51.1034],[232.4597,51.1108],[232.43779999999998,51.1222],[232.3928,51.1268],[232.40300000000002,51.1331],[232.39,51.1384],[232.3854,51.1437],[232.4087,51.1404],[232.4288,51.1334],[232.451,51.1316],[232.49360000000001,51.1368],[232.50400000000002,51.1406],[232.5293,51.1383],[232.5349,51.1475],[232.54489999999998,51.1512],[232.54219999999998,51.1438],[232.5325,51.1359],[232.5677,51.1343],[232.58190000000002,51.1431],[232.577,51.1495],[232.5814,51.1543],[232.5768,51.1611],[232.54559999999998,51.164],[232.5293,51.1611],[232.5247,51.1639],[232.52859999999998,51.1685],[232.5423,51.1724],[232.5571,51.1717],[232.5609,51.1683],[232.57909999999998,51.1706],[232.5755,51.1838],[232.5777,51.1885],[232.58280000000002,51.1898],[232.5781,51.1921],[232.5901,51.2041],[232.58769999999998,51.2095],[232.61090000000002,51.2113],[232.6122,51.2083],[232.6197,51.2087],[232.6243,51.2054],[232.6732,51.1982],[232.6806,51.1928],[232.6945,51.192],[232.7185,51.1935],[232.7355,51.1992],[232.74349999999998,51.2024],[232.74439999999998,51.21],[232.7519,51.2102],[232.7534,51.2074],[232.7447,51.1942],[232.7165,51.1864],[232.65519999999998,51.1876],[232.6467,51.19],[232.649,51.1936],[232.6393,51.1964],[232.6104,51.203],[232.59820000000002,51.2015],[232.598,51.1977],[232.5926,51.1961],[232.59910000000002,51.1935],[232.5837,51.1854],[232.59019999999998,51.1828],[232.5851,51.1759],[232.59449999999998,51.1715],[232.5865,51.1696],[232.5891,51.1641],[232.5855,51.1572],[232.5914,51.1528],[232.59820000000002,51.153],[232.5891,51.1388],[232.5914,51.134],[232.59629999999999,51.1323],[232.6725,51.1359],[232.6774,51.1387],[232.696,51.1389],[232.7062,51.1354],[232.7265,51.1381],[232.7665,51.1323],[232.8141,51.1308],[232.82080000000002,51.1333],[232.83839999999998,51.1246],[232.8485,51.1233],[232.87009999999998,51.1297],[232.87470000000002,51.1375],[232.8831,51.141],[232.8872,51.1483],[232.8816,51.1521],[232.88240000000002,51.1581],[232.8899,51.1657],[232.8888,51.1697],[232.8979,51.1748],[232.8991,51.18],[232.905,51.1847],[232.9117,51.1838],[232.9115,51.1761],[232.91719999999998,51.1724],[232.9579,51.1732],[232.97629999999998,51.1703],[232.9708,51.1654],[232.9666,51.1663],[232.9682,51.1645],[232.9962,51.1616],[233.06650000000002,51.1728],[233.0763,51.187],[233.08249999999998,51.1852],[233.0827,51.1819],[233.077,51.173],[233.05419999999998,51.1622],[233.0067,51.1615],[232.9971,51.1568],[232.9487,51.1663],[232.9274,51.1674],[232.9247,51.1656],[232.92759999999998,51.1627],[232.894,51.1637],[232.8902,51.1583],[232.89749999999998,51.1527],[232.8866,51.1545],[232.8931,51.1442],[232.8859,51.1422],[232.8854,51.1369],[232.8754,51.1321],[232.8743,51.1248],[232.8653,51.1215],[232.8677,51.119],[232.8983,51.1155],[232.9591,51.1157],[232.98579999999998,51.1119],[233.00920000000002,51.1164],[233.0248,51.1109],[233.07999999999998,51.111],[233.0889,51.1062],[233.09199999999998,51.1008],[233.09,51.0977],[233.027,51.1043],[233.017,51.1018],[233.0038,51.106],[232.988,51.1033],[232.94119999999998,51.1062],[232.9237,51.1039],[232.8903,51.1104],[232.827,51.116],[232.80110000000002,51.1233],[232.7615,51.1221],[232.7561,51.1257],[232.732,51.1272],[232.7288,51.122],[232.7244,51.1211],[232.6849,51.1283],[232.6625,51.1281],[232.6528,51.1245],[232.60899999999998,51.1277],[232.60129999999998,51.1237],[232.5645,51.1258],[232.5524,51.1231],[232.5121,51.1283],[232.48399999999998,51.1248],[232.44639999999998,51.1255],[232.4629,51.1153],[232.5086,51.1026],[232.5159,51.1037],[232.5332,51.0935],[232.59730000000002,51.0923],[232.6055,51.0876],[232.6132,51.0937],[232.63049999999998,51.0896],[232.6415,51.0905],[232.64499999999998,51.0937],[232.6813,51.0899],[232.7039,51.0932],[232.75920000000002,51.0882],[232.7846,51.0926],[232.7901,51.09],[232.80169999999998,51.0949],[232.8046,51.0931],[232.8029,51.0826],[232.75549999999998,51.0861],[232.7294,51.0827],[232.7182,51.0861],[232.6739,51.0892],[232.6667,51.0891],[232.66230000000002,51.084],[232.6372,51.0878],[232.6144,51.0865],[232.6128,51.0833],[232.6078,51.0834],[232.57240000000002,51.0892],[232.5677,51.0873],[232.5552,51.0906],[232.5519,51.0885],[232.53480000000002,51.0904],[232.5333,51.0888],[232.53879999999998,51.0848],[232.5914,51.0666],[232.6116,51.0612],[232.62779999999998,51.0607],[232.6267,51.0579],[232.6159,51.0584],[232.6615,51.0381],[232.66809999999998,51.0444],[232.6643,51.0498],[232.65949999999998,51.0502],[232.6639,51.0522],[232.6551,51.0538],[232.6578,51.0557],[232.6818,51.0531],[232.6916,51.0541],[232.68959999999998,51.0581],[232.69819999999999,51.0597],[232.7329,51.053],[232.75400000000002,51.0566],[232.7656,51.0525],[232.8238,51.0563],[232.84629999999999,51.0525],[232.85829999999999,51.0594],[232.8746,51.0633],[232.89870000000002,51.0601],[232.93439999999998,51.0706],[232.9717,51.0746],[232.9728,51.0793],[232.9822,51.0834],[233.05,51.0755],[233.0841,51.0857],[233.0932,51.0813],[233.122,51.0826],[233.13049999999998,51.0888],[233.1277,51.0923],[233.1685,51.0977],[233.18189999999998,51.1029],[233.19240000000002,51.1012],[233.1963,51.0976],[233.1925,51.095],[233.1754,51.0947],[233.14679999999998,51.0841],[233.1472,51.0813],[233.1725,51.0754],[233.2029,51.0802],[233.2295,51.0942],[233.2276,51.0972],[233.2332,51.106],[233.2412,51.1081],[233.2464,51.1152],[233.256,51.1191],[233.2588,51.117],[233.2563,51.1129],[233.26670000000001,51.1125],[233.2683,51.1251],[233.277,51.1329],[233.2914,51.1294],[233.2978,51.1389],[233.31459999999998,51.1504],[233.3259,51.154],[233.3318,51.1683],[233.332,51.1858],[233.32510000000002,51.1943],[233.3296,51.1927],[233.3422,51.1965],[233.34730000000002,51.1908],[233.3472,51.1851],[233.353,51.181],[233.3538,51.1748],[233.3486,51.167],[233.3485,51.1539],[233.34050000000002,51.1464],[233.3418,51.1425],[233.30020000000002,51.1215],[233.2833,51.1201],[233.2809,51.1087],[233.2701,51.1031],[233.26659999999998,51.0978],[233.2523,51.0937],[233.2312,51.082],[233.2251,51.0746],[233.22570000000002,51.0683],[233.2646,51.0661],[233.27589999999998,51.0553],[233.2797,51.0467],[233.3544,51.0565],[233.3523,51.0493],[233.3326,51.0426],[233.2935,51.0395],[233.29000000000002,51.029],[233.3015,51.0155],[233.3041,50.9996],[233.2936,50.9919],[233.2643,50.995],[233.25639999999999,50.9865],[233.2563,50.9929],[233.2647,50.9989],[233.27589999999998,51.0015],[233.2832,51.0009],[233.28140000000002,50.9969],[233.28730000000002,50.9948],[233.29410000000001,50.9971],[233.2837,51.0083],[233.2849,51.0161],[233.2747,51.0255],[233.2716,51.0356],[233.25459999999998,51.0563],[233.2422,51.0648],[233.2259,51.0677],[233.1652,51.0617],[233.1395,51.0641],[233.10410000000002,51.0609],[233.10160000000002,51.0615],[233.1049,51.0635],[233.1027,51.065],[233.07229999999998,51.058],[233.0521,51.0591],[233.0298,51.0548],[232.9728,51.0592],[232.9392,51.0521],[232.93189999999998,51.0479],[232.922,51.0496],[232.9118,51.0465],[232.9057,51.0373],[232.9031,51.0477],[232.8637,51.0441],[232.85840000000002,51.0381],[232.7789,51.0402],[232.7702,51.0327],[232.7551,51.036],[232.7563,51.0392],[232.75220000000002,51.0411],[232.7029,51.044],[232.6929,51.0405],[232.6794,51.0421],[232.6757,51.041],[232.67610000000002,51.0383],[232.7199,51.0357],[232.7187,51.0333],[232.68540000000002,51.0327],[232.70850000000002,51.019],[232.7102,51.0146],[232.7559,50.9994],[232.78390000000002,51.0021],[232.79930000000002,51.01],[232.79739999999998,51.0208],[232.8091,51.0203],[232.8095,51.0156],[232.815,51.0119],[232.8064,51.0047],[232.7855,51.0019],[232.7664,50.9939],[232.812,50.9722],[232.8216,50.9721],[232.82729999999998,50.9665],[232.8256,50.9653],[232.8083,50.9718],[232.8016,50.9688],[232.799,50.974],[232.7859,50.9816],[232.75400000000002,50.9936],[232.69400000000002,50.9887],[232.7102,50.9953],[232.72660000000002,50.9953],[232.7448,51.0001],[232.70600000000002,51.0148],[232.70510000000002,51.0188],[232.6762,51.034],[232.64749999999998,51.0364],[232.6312,51.0432],[232.61599999999999,51.0423],[232.60559999999998,51.0471],[232.5901,51.0458],[232.59359999999998,51.0533],[232.6044,51.0525],[232.6028,51.0547],[232.5941,51.0556],[232.5777,51.0658],[232.5595,51.0701],[232.50060000000002,51.0988],[232.5008,51.0943],[232.4921,51.0926],[232.48930000000001,51.0882],[232.49630000000002,51.0852],[232.4904,51.0856],[232.4841,51.0772],[232.476,51.0445],[232.48059999999998,51.04],[232.49200000000002,51.0609],[232.4966,51.0616],[232.4976,51.0588],[232.4795,51.0345],[232.4836,51.0331],[232.4801,51.0311],[232.4863,51.0294],[232.4758,51.0255],[232.4753,51.0134],[232.4837,50.9997],[232.4805,50.9979],[232.4845,50.9902],[232.5179,50.9785],[232.526,50.9789],[232.5328,50.9731],[232.5365,50.9754],[232.5442,50.9733],[232.54000000000002,50.976],[232.5429,50.977],[232.5645,50.9693],[232.5805,50.9683],[232.56279999999998,50.9668],[232.5752,50.963],[232.5683,50.9631],[232.5764,50.9596],[232.5419,50.9641],[232.5377,50.9626],[232.5375,50.959],[232.54559999999998,50.9599],[232.5505,50.9561],[232.55110000000002,50.9514],[232.56560000000002,50.9465],[232.5744,50.9378],[232.5957,50.9323],[232.5968,50.9276],[232.5919,50.9264],[232.5934,50.9245],[232.61610000000002,50.9238],[232.63490000000002,50.9166],[232.6368,50.9191],[232.6316,50.9217],[232.6353,50.9274],[232.6473,50.9221],[232.6507,50.9226],[232.6498,50.9261],[232.6637,50.9051],[232.6739,50.903],[232.6891,50.9065],[232.69119999999998,50.9031],[232.71359999999999,50.8979],[232.72969999999998,50.902],[232.6971,50.9072],[232.7274,50.9137],[232.7212,50.9101],[232.7288,50.9093],[232.7274,50.9063],[232.7304,50.9044],[232.7373,50.9039],[232.7394,50.9068],[232.7448,50.9044],[232.7421,50.9017],[232.7538,50.8996],[232.7638,50.9016],[232.76049999999998,50.8958],[232.781,50.8849],[232.796,50.8819],[232.8025,50.8757],[232.8101,50.8734],[232.81279999999998,50.8758],[232.81990000000002,50.8722],[232.83339999999998,50.8742],[232.8653,50.8552],[232.898,50.8497],[232.9103,50.8445],[232.91140000000001,50.841],[232.92579999999998,50.8398],[232.9241,50.8363],[232.934,50.8303],[232.9306,50.8257],[232.9408,50.8181],[232.949,50.8213],[232.9429,50.8272],[232.9531,50.8213],[232.9617,50.8216],[232.9635,50.8182],[232.9853,50.817],[232.9943,50.8277],[232.99110000000002,50.8311],[232.9938,50.8346],[233.022,50.8382],[233.0263,50.8426],[233.0451,50.8452],[233.0437,50.8475],[233.0632,50.8528],[233.07389999999998,50.8608],[233.06889999999999,50.8647],[233.08159999999998,50.8663],[233.0922,50.8732],[233.094,50.8788],[233.1027,50.8826],[233.1042,50.8848],[233.09640000000002,50.8905],[233.0745,50.8948],[233.06470000000002,50.8954],[233.0593,50.8921],[233.0403,50.8954],[233.0343,50.8913],[233.0351,50.8863],[233.03050000000002,50.8878],[233.0213,50.8832],[233.0179,50.8902],[233.0136,50.8909],[233.0076,50.8903],[233.0077,50.8851],[232.98919999999998,50.8913],[232.9835,50.8901],[232.9904,50.8856],[232.9682,50.888],[232.9659,50.8914],[232.95409999999998,50.8884],[232.901,50.9038],[232.8551,50.9107],[232.85410000000002,50.9189],[232.83710000000002,50.9231],[232.8024,50.9195],[232.81119999999999,50.9243],[232.8132,50.93],[232.8255,50.9267],[232.8322,50.9317],[232.8432,50.9311],[232.84199999999998,50.9332],[232.8592,50.9354],[232.8691,50.944],[232.86,50.9488],[232.875,50.9536],[232.9082,50.9492],[232.9171,50.951],[232.922,50.9618],[232.9317,50.9596],[232.9348,50.955],[232.9552,50.9587],[232.9596,50.9634],[232.95589999999999,50.9655],[232.9573,50.9697],[232.9536,50.9805],[232.93880000000001,50.9901],[232.926,51.0072],[232.9328,51.0082],[232.9414,51.0007],[232.9495,50.9989],[232.9432,50.994],[232.9444,50.9891],[232.96269999999998,50.9831],[232.964,50.979],[232.95659999999998,50.9737],[232.9644,50.9682],[232.96030000000002,50.9651],[232.963,50.9583],[232.928,50.9518],[232.90879999999999,50.9445],[232.8812,50.9522],[232.869,50.95],[232.86790000000002,50.9477],[232.8779,50.945],[232.8698,50.9427],[232.87,50.939],[232.86169999999998,50.9345],[232.8623,50.9311],[232.89069999999998,50.9193],[232.8902,50.917],[232.906,50.9159],[232.91469999999998,50.9212],[232.9413,50.911],[232.9426,50.9068],[232.96269999999998,50.9083],[232.9696,50.912],[232.9589,50.9115],[232.96890000000002,50.9162],[232.9813,50.9086],[232.97809999999998,50.9067],[232.97969999999998,50.9033],[232.99970000000002,50.9051],[233.0121,50.8979],[233.0177,50.9006],[233.0233,50.8973],[233.038,50.9006],[233.0601,50.898],[233.06369999999998,50.9034],[233.0706,50.9031],[233.0743,50.8991],[233.0898,50.8983],[233.091,50.8944],[233.099,50.8943],[233.1097,50.898],[233.1112,50.9047],[233.1046,50.9082],[233.0916,50.9038],[233.088,50.9061],[233.0925,50.9113],[233.1006,50.9118],[233.1155,50.9222],[233.10840000000002,50.9283],[233.1014,50.9267],[233.09699999999998,50.9341],[233.1044,50.9342],[233.1096,50.9399],[233.1137,50.9379],[233.1088,50.9347],[233.1123,50.9332],[233.1098,50.9304],[233.1274,50.9269],[233.1309,50.9361],[233.1292,50.9389],[233.1387,50.9438],[233.1295,50.9456],[233.1311,50.9488],[233.12720000000002,50.9512],[233.11950000000002,50.9494],[233.1224,50.9551],[233.1327,50.9501],[233.1354,50.9571],[233.1397,50.9578],[233.1471,50.947],[233.1531,50.947],[233.1653,50.9483],[233.1703,50.9533],[233.1669,50.9575],[233.1576,50.957],[233.1612,50.9641],[233.1695,50.9618],[233.1683,50.9579],[233.1891,50.9539],[233.2049,50.9588],[233.20659999999998,50.9631],[233.2005,50.9722],[233.2013,50.9854],[233.2046,50.9895],[233.20350000000002,51.0015],[233.2166,51.0205],[233.221,51.0185],[233.21949999999998,51.011],[233.22289999999998,51.0072],[233.2135,50.997],[233.2098,50.9854],[233.2122,50.978],[233.2079,50.97],[233.2237,50.9631],[233.209,50.9556],[233.1886,50.9531],[233.188,50.9498],[233.1928,50.9479],[233.1894,50.946],[233.1911,50.9449],[233.2004,50.9463],[233.2237,50.9342],[233.2404,50.9349],[233.2611,50.9413],[233.2748,50.9387],[233.2865,50.9312],[233.3009,50.9374],[233.3083,50.9374],[233.27949999999998,50.9483],[233.289,50.952],[233.2988,50.9426],[233.32150000000001,50.9386],[233.3114,50.937],[233.3172,50.9327],[233.3502,50.9355],[233.3619,50.9332],[233.3141,50.9289],[233.2611,50.9302],[233.2308,50.9271],[233.2174,50.9231],[233.213,50.9099],[233.20839999999998,50.9103],[233.2113,50.9153],[233.20229999999998,50.9209],[233.161,50.9142],[233.1593,50.9114],[233.1763,50.9006],[233.1784,50.9028],[233.1877,50.9001],[233.1875,50.9048],[233.19549999999998,50.9068],[233.2056,50.9047],[233.2106,50.9002],[233.211,50.9042],[233.2197,50.9054],[233.2259,50.8996],[233.2406,50.8986],[233.2783,50.8731],[233.3102,50.8728],[233.33620000000002,50.8647],[233.3486,50.8709],[233.341,50.8745],[233.3505,50.8757],[233.3446,50.8796],[233.34629999999999,50.8829],[233.3742,50.8855],[233.37900000000002,50.8899],[233.41039999999998,50.8983],[233.411,50.9022],[233.4171,50.9048],[233.4375,50.909],[233.4405,50.911],[233.4364,50.9146],[233.4506,50.926],[233.46800000000002,50.9366],[233.4884,50.9411],[233.48579999999998,50.9583],[233.4613,50.9834],[233.4647,50.9851],[233.4586,50.9969],[233.4504,51.0027],[233.4591,51.0257],[233.4737,51.0307],[233.4841,51.0293],[233.4787,51.0394],[233.4942,51.0222],[233.49079999999998,51.0072],[233.4953,51.0024],[233.4967,50.9942],[233.51080000000002,50.9839],[233.50709999999998,50.9767],[233.5125,50.9722],[233.5135,50.9628],[233.5248,50.96],[233.53,50.9492],[233.5378,50.9438],[233.56740000000002,50.9444],[233.6086,50.9313],[233.64319999999998,50.9361],[233.64600000000002,50.9316],[233.6558,50.9285],[233.69299999999998,50.9333],[233.7313,50.9255],[233.7712,50.9235],[233.788,50.9326],[233.7903,50.9376],[233.7926,50.9326],[233.7967,50.9347],[233.7995,50.9327],[233.8022,50.9356],[233.81709999999998,50.9319],[233.81810000000002,50.9292],[233.8072,50.92],[233.80180000000001,50.9061],[233.78910000000002,50.9021],[233.76319999999998,50.9081],[233.7457,50.9057],[233.72910000000002,50.9079],[233.6947,50.9168],[233.6581,50.9113],[233.6458,50.9121],[233.63670000000002,50.9168],[233.5977,50.9168],[233.5811,50.908],[233.5851,50.9017],[233.5958,50.9035],[233.5995,50.9006],[233.595,50.8959],[233.59550000000002,50.8904],[233.5889,50.8901],[233.586,50.8835],[233.5659,50.8773],[233.5401,50.8736],[233.5139,50.8738],[233.5498,50.8798],[233.5734,50.8879],[233.5848,50.8953],[233.58249999999998,50.9005],[233.5752,50.9066],[233.5606,50.9095],[233.5365,50.9232],[233.5072,50.9254],[233.5008,50.9233],[233.4899,50.907],[233.4653,50.9045],[233.4468,50.8924],[233.44979999999998,50.8841],[233.4602,50.881],[233.4565,50.8753],[233.46269999999998,50.8721],[233.4395,50.867],[233.4318,50.8709],[233.4316,50.8745],[233.4126,50.8737],[233.4144,50.8754],[233.4112,50.8772],[233.4071,50.874],[233.409,50.8717],[233.3936,50.8706],[233.4179,50.8586],[233.4375,50.8622],[233.4444,50.8571],[233.4399,50.8545],[233.4379,50.8446],[233.42700000000002,50.8507],[233.41570000000002,50.8495],[233.41899999999998,50.845],[233.4375,50.832],[233.49079999999998,50.829],[233.4975,50.8364],[233.5067,50.8358],[233.51569999999998,50.8447],[233.4784,50.8534],[233.47129999999999,50.849],[233.4554,50.8482],[233.4497,50.8506],[233.4488,50.8542],[233.46859999999998,50.852],[233.4756,50.8553],[233.47629999999998,50.8604],[233.4878,50.8633],[233.49259999999998,50.8617],[233.49099999999999,50.858],[233.49869999999999,50.8607],[233.5171,50.8513],[233.52949999999998,50.8515],[233.5327,50.8477],[233.5137,50.8362],[233.5081,50.8274],[233.5,50.8264],[233.4923,50.8194],[233.49290000000002,50.8168],[233.524,50.8133],[233.6214,50.8306],[233.6294,50.8374],[233.65949999999998,50.8443],[233.67059999999998,50.85],[233.6961,50.8491],[233.69060000000002,50.8473],[233.6935,50.8435],[233.7201,50.8455],[233.73520000000002,50.86],[233.7464,50.8616],[233.74970000000002,50.8676],[233.7628,50.8694],[233.7658,50.8676],[233.755,50.8648],[233.757,50.8615],[233.7397,50.8452],[233.74020000000002,50.8405],[233.7484,50.8332],[233.7832,50.8324],[233.8074,50.842],[233.8099,50.8485],[233.8055,50.8565],[233.815,50.8758],[233.8326,50.8685],[233.8351,50.8631],[233.8306,50.8588],[233.8327,50.8476],[233.82850000000002,50.8372],[233.8211,50.8305],[233.80880000000002,50.8261],[233.8083,50.8224],[233.7948,50.8086],[233.7996,50.8057],[233.80849999999998,50.7892],[233.80509999999998,50.7825],[233.8078,50.7802],[233.8324,50.7787],[233.8597,50.7695],[233.882,50.7692],[233.89,50.7779],[233.9635,50.7925],[233.9728,50.8008],[233.97660000000002,50.8102],[233.98149999999998,50.812],[233.97899999999998,50.8051],[233.9879,50.8016],[233.9863,50.7975],[233.9899,50.7923],[233.9765,50.782],[233.92849999999999,50.7728],[233.912,50.7617],[233.88909999999998,50.7549],[233.88580000000002,50.7479],[233.87560000000002,50.7427],[233.8706,50.7341],[233.8518,50.7274],[233.8428,50.7287],[233.80610000000001,50.7123],[233.8023,50.6862],[233.81650000000002,50.6732],[233.8145,50.6686],[233.8407,50.6686],[233.8502,50.6721],[233.8669,50.67],[233.93259999999998,50.6806],[233.9441,50.6874],[233.977,50.6945],[233.9796,50.7],[233.9861,50.7025],[234.0036,50.6955],[234.0359,50.7032],[234.0344,50.698],[234.0158,50.6932],[234.00650000000002,50.6869],[234.0149,50.6864],[234.0205,50.6904],[234.0424,50.685],[234.1112,50.6932],[234.14839999999998,50.7023],[234.1976,50.7023],[234.2438,50.7095],[234.269,50.7075],[234.28969999999998,50.7175],[234.28570000000002,50.7367],[234.27949999999998,50.74],[234.2781,50.7444],[234.2979,50.7545],[234.2998,50.758],[234.2952,50.7615],[234.30509999999998,50.7685],[234.3081,50.7756],[234.3155,50.7801],[234.34449999999998,50.7739],[234.3544,50.7762],[234.3502,50.782],[234.357,50.7888],[234.3494,50.8073],[234.3456,50.8113],[234.3339,50.8115],[234.3195,50.8174],[234.3151,50.8249],[234.3194,50.8288],[234.31650000000002,50.83],[234.31810000000002,50.8366],[234.31119999999999,50.8497],[234.3212,50.8671],[234.3157,50.8752],[234.3369,50.8796],[234.33589999999998,50.885],[234.36169999999998,50.8855],[234.36579999999998,50.8908],[234.3596,50.8989],[234.37990000000002,50.9051],[234.3966,50.9081],[234.40550000000002,50.9026],[234.43470000000002,50.9042],[234.4312,50.915],[234.446,50.923],[234.45510000000002,50.9393],[234.45069999999998,50.9491],[234.4419,50.9532],[234.4254,50.9546],[234.4087,50.9658],[234.421,50.9852],[234.4194,50.9912],[234.4075,51.0045],[234.411,51.0116],[234.4083,51.0155],[234.3885,51.0225],[234.40730000000002,51.0251],[234.4109,51.0299],[234.4093,51.0359],[234.3927,51.0515],[234.3677,51.0649],[234.36270000000002,51.0721],[234.361,51.0889],[234.3714,51.0911],[234.378,51.1011],[234.3888,51.1095],[234.3911,51.1159],[234.3885,51.1259],[234.4049,51.1471],[234.397,51.1523],[234.3988,51.1554],[234.3957,51.1579],[234.387,51.1594],[234.3889,51.1643],[234.385,51.1671],[234.38330000000002,51.1746],[234.3889,51.1874],[234.3832,51.1924],[234.3847,51.1971],[234.3788,51.1997],[234.3786,51.2047],[234.3735,51.2083],[234.3733,51.2141],[234.3672,51.2182],[234.36509999999998,51.2244],[234.35320000000002,51.2295],[234.3514,51.236],[234.34109999999998,51.2395],[234.3382,51.2456],[234.3195,51.2628],[234.304,51.2683],[234.2966,51.2802],[234.2695,51.2841],[234.28289999999998,51.286],[234.29930000000002,51.28],[234.30540000000002,51.2716],[234.34210000000002,51.2526],[234.35309999999998,51.2437],[234.3573,51.2317],[234.3773,51.2171],[234.382,51.2077],[234.39,51.2043],[234.3946,51.1855],[234.3877,51.1722],[234.4048,51.1565],[234.4074,51.1475],[234.39010000000002,51.1248],[234.3909,51.1059],[234.3834,51.1023],[234.3745,51.0921],[234.3908,51.0894],[234.3967,51.0956],[234.402,51.0871],[234.4108,51.0875],[234.4094,51.0814],[234.4229,51.0727],[234.43810000000002,51.0803],[234.439,51.0886],[234.4509,51.0947],[234.4468,51.0876],[234.44029999999998,51.0862],[234.4399,51.0798],[234.4254,51.0707],[234.4491,51.0637],[234.4555,51.0581],[234.4579,51.053],[234.45569999999998,51.0509],[234.4614,51.0429],[234.4596,51.035],[234.4564,51.0332],[234.4538,51.0161],[234.4595,50.9999],[234.4673,50.9963],[234.4727,50.9856],[234.4629,50.9745],[234.48059999999998,50.9682],[234.48950000000002,50.9614],[234.49689999999998,50.9508],[234.4975,50.9429],[234.5036,50.9382],[234.4968,50.9377],[234.4924,50.9285],[234.4768,50.9186],[234.4638,50.8964],[234.4665,50.8872],[234.4608,50.8777],[234.4488,50.8683],[234.4346,50.8656],[234.4136,50.8702],[234.4039,50.8685],[234.3838,50.8743],[234.3786,50.8723],[234.3768,50.8649],[234.3682,50.8643],[234.3529,50.8545],[234.35559999999998,50.8384],[234.3646,50.8264],[234.3913,50.8148],[234.4087,50.7965],[234.38670000000002,50.7746],[234.3866,50.7595],[234.37040000000002,50.7564],[234.363,50.7504],[234.3349,50.751],[234.32569999999998,50.7387],[234.3154,50.7393],[234.3149,50.7328],[234.3212,50.7268],[234.32049999999998,50.7204],[234.31709999999998,50.7101],[234.3068,50.7019],[234.3062,50.6918],[234.29399999999998,50.686],[234.2749,50.6828],[234.2741,50.6754],[234.2679,50.6683],[234.2698,50.6636],[234.2652,50.6621],[234.2613,50.6765],[234.2636,50.6801],[234.2603,50.6823],[234.2621,50.6879],[234.2427,50.688],[234.2361,50.6852],[234.2422,50.6797],[234.2342,50.675],[234.216,50.6767],[234.2071,50.6822],[234.19979999999998,50.6827],[234.151,50.6792],[234.142,50.6714],[234.11329999999998,50.6641],[234.0931,50.6668],[234.0677,50.6635],[234.061,50.6661],[234.0196,50.6641],[233.99079999999998,50.6674],[233.97050000000002,50.6601],[233.9299,50.658],[233.8866,50.6434],[233.81650000000002,50.6365],[233.83839999999998,50.6456],[233.8235,50.6475],[233.7923,50.6378],[233.785,50.6405],[233.7268,50.6306],[233.70010000000002,50.6307],[233.7028,50.6253],[233.7255,50.6173],[233.7515,50.6234],[233.7515,50.6203],[233.7242,50.613],[233.73000000000002,50.6089],[233.7288,50.6022],[233.7421,50.5899],[233.7601,50.5832],[233.7661,50.5876],[233.78140000000002,50.5835],[233.7933,50.5864],[233.7972,50.5809],[233.8052,50.5793],[233.8533,50.5985],[233.8714,50.598],[233.922,50.6168],[233.974,50.6217],[233.99,50.6265],[234.0001,50.6339],[234.02960000000002,50.6426],[234.0623,50.6368],[234.0418,50.6228],[233.9995,50.6185],[233.9976,50.6173],[234.0005,50.6126],[233.9456,50.6099],[233.9392,50.6035],[233.9255,50.5996],[233.8974,50.5978],[233.88830000000002,50.5908],[233.874,50.5929],[233.8681,50.5886],[233.84640000000002,50.5876],[233.8492,50.5848],[233.848,50.5793],[233.8304,50.5779],[233.8084,50.5686],[233.81310000000002,50.5597],[233.80610000000001,50.5551],[233.8101,50.554],[233.8139,50.5381],[233.82229999999998,50.5346],[233.8253,50.5247],[233.8142,50.5158],[233.8102,50.5313],[233.787,50.5379],[233.77589999999998,50.5306],[233.774,50.5331],[233.7643,50.5327],[233.74450000000002,50.5265],[233.7145,50.5268],[233.7125,50.5221],[233.7157,50.5152],[233.7234,50.5135],[233.7228,50.5102],[233.7296,50.5076],[233.7572,50.5075],[233.76080000000002,50.5023],[233.77190000000002,50.4995],[233.7963,50.4998],[233.82319999999999,50.491],[233.8318,50.4913],[233.845,50.4849],[233.8689,50.483],[233.8948,50.4895],[233.9058,50.485],[233.90789999999998,50.4872],[233.9057,50.4952],[233.9101,50.5047],[233.9334,50.5199],[233.9476,50.5185],[233.9787,50.5321],[234.00130000000001,50.5321],[234.00889999999998,50.538],[234.0244,50.5401],[234.0318,50.5483],[234.0558,50.5575],[234.05759999999998,50.5554],[234.0539,50.5522],[234.0589,50.5489],[234.0783,50.5451],[234.0398,50.5425],[234.022,50.5332],[234.0054,50.5319],[234.0018,50.5293],[234.0094,50.5289],[234.0111,50.5241],[234.0165,50.5231],[234.01510000000002,50.5211],[234.00060000000002,50.5187],[233.9765,50.5201],[233.93880000000001,50.5031],[233.9222,50.5057],[233.9124,50.4959],[233.9162,50.4843],[233.94889999999998,50.4746],[233.96429999999998,50.4741],[233.97480000000002,50.4816],[233.98149999999998,50.4771],[233.99360000000001,50.4908],[234.0143,50.4935],[234.0199,50.4901],[234.00740000000002,50.4842],[234.0093,50.4809],[234.00060000000002,50.479],[233.9982,50.4745],[234.0045,50.4761],[234.0155,50.4694],[234.0224,50.4715],[234.03820000000002,50.4677],[234.0457,50.4715],[234.0713,50.4713],[234.087,50.4734],[234.11360000000002,50.4901],[234.1535,50.4959],[234.1596,50.5063],[234.171,50.5141],[234.17419999999998,50.5199],[234.1731,50.5283],[234.1605,50.5342],[234.16649999999998,50.5391],[234.1848,50.5235],[234.19150000000002,50.5213],[234.21769999999998,50.5283],[234.2219,50.5336],[234.2467,50.5261],[234.2764,50.5267],[234.2778,50.5233],[234.2716,50.5199],[234.2447,50.5175],[234.24110000000002,50.5146],[234.22750000000002,50.5154],[234.1908,50.5042],[234.1839,50.5],[234.1816,50.4906],[234.1902,50.4869],[234.23149999999998,50.4934],[234.2256,50.4887],[234.2328,50.4866],[234.2365,50.4817],[234.2174,50.479],[234.2299,50.4728],[234.24450000000002,50.4776],[234.2456,50.4829],[234.2979,50.49],[234.3013,50.4873],[234.2997,50.4853],[234.2473,50.4775],[234.2332,50.4719],[234.2307,50.4667],[234.24450000000002,50.4577],[234.2461,50.4526],[234.2781,50.4332],[234.28199999999998,50.4255],[234.29000000000002,50.4226],[234.34269999999998,50.4284],[234.3492,50.4336],[234.3648,50.4375],[234.38330000000002,50.4506],[234.3879,50.4609],[234.4179,50.4994],[234.4178,50.5058],[234.4101,50.5066],[234.365,50.4957],[234.3808,50.504],[234.41039999999998,50.5117],[234.39100000000002,50.5162],[234.42079999999999,50.5257],[234.437,50.5436],[234.4505,50.5495],[234.43880000000001,50.5697],[234.4385,50.578],[234.4264,50.5782],[234.4466,50.5944],[234.4433,50.6048],[234.4452,50.6205],[234.4414,50.629],[234.44580000000002,50.6373],[234.46550000000002,50.6559],[234.4667,50.6659],[234.4721,50.6731],[234.4758,50.6765],[234.4904,50.6791],[234.5038,50.6779],[234.5321,50.6884],[234.5359,50.7],[234.5267,50.712],[234.53230000000002,50.7212],[234.54250000000002,50.7138],[234.5779,50.7198],[234.5687,50.7147],[234.5704,50.7104],[234.5482,50.6926],[234.54840000000002,50.6854],[234.54219999999998,50.6742],[234.5135,50.6672],[234.4942,50.6687],[234.48160000000001,50.6644],[234.4899,50.6626],[234.4697,50.6337],[234.4659,50.6084],[234.46980000000002,50.6051],[234.4728,50.5891],[234.4623,50.5823],[234.4608,50.5668],[234.4629,50.5599],[234.47410000000002,50.5562],[234.4761,50.5473],[234.4699,50.5409],[234.4694,50.5343],[234.4513,50.5212],[234.45440000000002,50.5192],[234.4543,50.5141],[234.4486,50.5065],[234.4484,50.499],[234.4342,50.4919],[234.4303,50.4839],[234.42340000000002,50.48],[234.4213,50.4683],[234.4105,50.4604],[234.4058,50.4502],[234.4179,50.4462],[234.43540000000002,50.4492],[234.4595,50.4483],[234.4805,50.4531],[234.5004,50.4498],[234.4949,50.4456],[234.4974,50.4423],[234.5019,50.4458],[234.52089999999998,50.4409],[234.52710000000002,50.4455],[234.56279999999998,50.4483],[234.5747,50.457],[234.60309999999998,50.4681],[234.60469999999998,50.4731],[234.62,50.4863],[234.6268,50.5044],[234.6121,50.5222],[234.59789999999998,50.5303],[234.6192,50.5265],[234.62810000000002,50.5372],[234.6289,50.5448],[234.62369999999999,50.5511],[234.6371,50.5543],[234.6463,50.5386],[234.6413,50.5328],[234.6451,50.5255],[234.6428,50.5155],[234.6477,50.5063],[234.64159999999998,50.497],[234.6534,50.4772],[234.6836,50.4619],[234.6901,50.4553],[234.7014,50.4557],[234.702,50.4638],[234.707,50.4713],[234.7206,50.4856],[234.7353,50.4918],[234.7378,50.5018],[234.7431,50.505],[234.7514,50.5011],[234.7538,50.4868],[234.7459,50.4837],[234.7424,50.4692],[234.7308,50.4584],[234.7449,50.457],[234.7723,50.4442],[234.7769,50.4309],[234.77620000000002,50.4268],[234.77190000000002,50.4248],[234.804,50.4178],[234.80610000000001,50.413],[234.8135,50.4092],[234.80419999999998,50.4078],[234.80259999999998,50.403],[234.8064,50.4016],[234.8192,50.4028],[234.817,50.4076],[234.8317,50.4088],[234.8424,50.4212],[234.8571,50.4202],[234.8846,50.4293],[234.8931,50.4352],[234.90210000000002,50.4463],[234.89,50.4606],[234.89409999999998,50.4706],[234.8878,50.4829],[234.8937,50.4884],[234.8915,50.5025],[234.9007,50.5013],[234.9408,50.5137],[234.9533,50.513],[235.0079,50.5366],[235.0044,50.5582],[235.0115,50.5688],[235.04340000000002,50.5868],[235.0698,50.5891],[235.08870000000002,50.6111],[235.0933,50.6128],[235.0904,50.621],[235.1017,50.6365],[235.09890000000001,50.6413],[235.0836,50.6468],[235.07170000000002,50.6723],[235.0883,50.6852],[235.088,50.6907],[235.0824,50.6959],[235.0849,50.7036],[235.10250000000002,50.7219],[235.1137,50.7277],[235.083,50.7472],[235.0525,50.7548],[235.0489,50.7611],[235.0486,50.7739],[235.0567,50.7823],[235.0341,50.788],[235.01850000000002,50.7973],[235.0178,50.8091],[235.0275,50.821],[235.046,50.8317],[235.0839,50.8346],[235.09050000000002,50.8386],[235.09199999999998,50.8445],[235.096,50.8455],[235.10399999999998,50.856],[235.1037,50.8591],[235.0994,50.8598],[235.10660000000001,50.873],[235.11849999999998,50.8858],[235.1302,50.8887],[235.14749999999998,50.9041],[235.1488,50.9137],[235.1368,50.9357],[235.1402,50.9445],[235.1307,50.9516],[235.1089,50.9456],[235.10129999999998,50.9472],[235.0978,50.9507],[235.09629999999999,50.9633],[235.0713,50.9761],[235.0726,50.9814],[235.0799,50.9864],[235.0795,50.9973],[235.0663,50.9949],[235.0552,51.0076],[235.03629999999998,51.012],[235.0387,51.0148],[235.0303,51.0292],[235.0313,51.0424],[235.02609999999999,51.0489],[235.0264,51.0546],[235.0317,51.058],[235.0236,51.0669],[235.02620000000002,51.0758],[235.0177,51.0819],[235.003,51.086],[234.9967,51.093],[234.9871,51.0955],[234.9823,51.0999],[234.9851,51.1131],[234.9759,51.1161],[234.9682,51.1284],[234.9579,51.1328],[234.95690000000002,51.1399],[234.9433,51.1385],[234.9395,51.1424],[234.9395,51.1491],[234.9287,51.1523],[234.9266,51.1557],[234.9302,51.1614],[234.9461,51.1688],[234.92700000000002,51.1559],[234.93009999999998,51.1523],[234.94150000000002,51.1512],[234.9425,51.1429],[234.9595,51.1397],[234.9601,51.1343],[234.9767,51.1239],[234.9769,51.1178],[234.987,51.1127],[234.9839,51.1003],[234.9896,51.095],[235.00130000000001,51.0934],[235.0035,51.0868],[235.0197,51.0842],[235.03199999999998,51.0752],[235.0251,51.0691],[235.02519999999998,51.0657],[235.0337,51.0592],[235.0285,51.0533],[235.0283,51.0473],[235.0332,51.042],[235.031,51.036],[235.0365,51.03],[235.0409,51.0146],[235.0566,51.012],[235.0669,50.9971],[235.0749,50.9994],[235.0827,50.9971],[235.0813,50.9868],[235.0725,50.9794],[235.0736,50.976],[235.0849,50.9732],[235.0985,50.9632],[235.0987,50.9516],[235.1034,50.9475],[235.1329,50.9523],[235.1422,50.9444],[235.1394,50.9351],[235.1411,50.9309],[235.1788,50.9287],[235.1994,50.9151],[235.2111,50.8942],[235.209,50.8863],[235.1968,50.8881],[235.1722,50.8735],[235.16039999999998,50.8706],[235.1556,50.8637],[235.1554,50.8457],[235.13389999999998,50.8216],[235.08350000000002,50.8009],[235.0881,50.7946],[235.08780000000002,50.7857],[235.0975,50.7749],[235.106,50.769],[235.1346,50.7639],[235.1395,50.7516],[235.156,50.744],[235.1688,50.732],[235.1669,50.7124],[235.1594,50.7074],[235.16039999999998,50.7033],[235.1365,50.6887],[235.1381,50.6827],[235.14409999999998,50.6803],[235.1403,50.6768],[235.1473,50.6645],[235.1353,50.6579],[235.14069999999998,50.6427],[235.1254,50.6262],[235.1331,50.6147],[235.13209999999998,50.607],[235.12439999999998,50.6005],[235.14010000000002,50.5973],[235.14010000000002,50.5913],[235.1318,50.5908],[235.12529999999998,50.578],[235.1242,50.5688],[235.1149,50.5615],[235.078,50.5508],[235.06619999999998,50.5541],[235.0553,50.5527],[235.0553,50.5453],[235.0642,50.5339],[235.0504,50.5171],[235.03539999999998,50.5079],[235.0307,50.5006],[235.00650000000002,50.498],[234.9918,50.4936],[234.9765,50.4844],[234.9493,50.4801],[234.9468,50.4762],[234.954,50.4688],[234.94979999999998,50.4612],[234.9573,50.4523],[234.9445,50.4437],[234.94240000000002,50.4187],[234.9359,50.4147],[234.9351,50.4108],[234.9478,50.3877],[234.9417,50.3779],[234.9471,50.3723],[234.93439999999998,50.361],[234.9111,50.3548],[234.9078,50.3464],[234.9187,50.3406],[234.92340000000002,50.3341],[234.9198,50.3252],[234.9315,50.3182],[234.94549999999998,50.3153],[234.9595,50.3209],[234.96769999999998,50.3321],[234.9567,50.3499],[234.98590000000002,50.3428],[235.0002,50.3438],[235.0308,50.3754],[235.0195,50.3984],[235.0207,50.4043],[235.0131,50.4198],[234.987,50.4406],[234.99200000000002,50.4461],[235.0164,50.441],[235.0369,50.4285],[235.0489,50.3977],[235.0472,50.3899],[235.0573,50.3853],[235.0602,50.3778],[235.0575,50.3697],[235.049,50.357],[235.04059999999998,50.3534],[235.0343,50.345],[235.03820000000002,50.3375],[235.05759999999998,50.3271],[235.1064,50.3248],[235.1139,50.3194],[235.1728,50.3069],[235.1806,50.3126],[235.1972,50.3151],[235.20159999999998,50.3247],[235.21280000000002,50.3267],[235.2159,50.3324],[235.2317,50.3428],[235.2476,50.3446],[235.26049999999998,50.3574],[235.2686,50.3582],[235.2861,50.3718],[235.3005,50.3904],[235.29649999999998,50.3966],[235.3074,50.4013],[235.3179,50.4165],[235.3225,50.4175],[235.3277,50.4243],[235.32729999999998,50.4337],[235.3385,50.4361],[235.3548,50.4258],[235.387,50.4191],[235.4558,50.4204],[235.4657,50.4279],[235.465,50.4327],[235.469,50.4355],[235.5119,50.4436],[235.5346,50.4528],[235.57150000000001,50.4605],[235.5889,50.4673],[235.5957,50.4714],[235.5956,50.4757],[235.6072,50.4891],[235.6168,50.4951],[235.63389999999998,50.4993],[235.6276,50.4938],[235.639,50.495],[235.6368,50.4896],[235.64319999999998,50.4882],[235.6264,50.4815],[235.61759999999998,50.4679],[235.62009999999998,50.4594],[235.6028,50.4517],[235.5888,50.4397],[235.56810000000002,50.4403],[235.5572,50.4355],[235.5531,50.43],[235.5362,50.4272],[235.5275,50.4224],[235.5026,50.4232],[235.4913,50.4169],[235.4955,50.4126],[235.4862,50.4088],[235.4756,50.3969],[235.4537,50.3957],[235.43970000000002,50.3999],[235.38909999999998,50.3985],[235.35399999999998,50.4031],[235.3312,50.3859],[235.326,50.3756],[235.3289,50.3701],[235.31560000000002,50.36],[235.3127,50.3528],[235.3025,50.3449],[235.30349999999999,50.3411],[235.26420000000002,50.3252],[235.2689,50.3214],[235.2892,50.3219],[235.32420000000002,50.3107],[235.3256,50.3161],[235.333,50.3173],[235.33870000000002,50.3132],[235.3348,50.3089],[235.3365,50.3062],[235.3659,50.2945],[235.3671,50.2853],[235.37779999999998,50.2766],[235.3751,50.2688],[235.3795,50.2629],[235.3844,50.2581],[235.409,50.2478],[235.4097,50.2418],[235.40269999999998,50.2346],[235.3865,50.2348],[235.3838,50.204],[235.3927,50.2023],[235.39339999999999,50.199],[235.38580000000002,50.1892],[235.3869,50.1856],[235.3698,50.1678],[235.36860000000001,50.1616],[235.3562,50.1559],[235.3437,50.1558],[235.3318,50.1482],[235.3178,50.1479],[235.3155,50.1469],[235.31889999999999,50.143],[235.3173,50.1412],[235.3006,50.1384],[235.27370000000002,50.1262],[235.27089999999998,50.1199],[235.28789999999998,50.1136],[235.29309999999998,50.1174],[235.2895,50.1211],[235.2964,50.1227],[235.2936,50.1271],[235.3087,50.1245],[235.2924,50.1047],[235.29829999999998,50.1025],[235.2976,50.0977],[235.2792,50.0931],[235.274,50.0867],[235.2554,50.0857],[235.2293,50.0758],[235.2212,50.0759],[235.2226,50.0726],[235.21120000000002,50.0668],[235.2055,50.0744],[235.1941,50.0753],[235.19920000000002,50.0675],[235.2221,50.0574],[235.2348,50.0423],[235.2446,50.0444],[235.25639999999999,50.0368],[235.26479999999998,50.0415],[235.2639,50.0378],[235.26670000000001,50.0378],[235.26479999999998,50.0415],[235.277,50.045],[235.2748,50.0505],[235.26940000000002,50.0498],[235.2695,50.0548],[235.2748,50.0579],[235.28199999999998,50.0727],[235.276,50.0816],[235.2783,50.0831],[235.2892,50.0824],[235.29250000000002,50.071],[235.2971,50.0722],[235.3048,50.0667],[235.31040000000002,50.0673],[235.31310000000002,50.0728],[235.32229999999998,50.0735],[235.3376,50.0832],[235.34699999999998,50.0782],[235.31220000000002,50.0654],[235.2939,50.0667],[235.2917,50.0622],[235.2991,50.0591],[235.289,50.0556],[235.2913,50.0436],[235.2803,50.0353],[235.2952,50.0071],[235.2945,49.9982],[235.3114,49.9864],[235.321,49.9747],[235.3219,49.9651],[235.316,49.9658],[235.2955,49.9875],[235.2812,49.9943],[235.2699,50.0102],[235.27710000000002,50.0072],[235.2757,50.0152],[235.2492,50.0363],[235.2465,50.036],[235.24869999999999,50.032],[235.2634,50.0201],[235.2663,50.0146],[235.26409999999998,50.014],[235.24939999999998,50.028],[235.2308,50.0389],[235.2219,50.0406],[235.2063,50.0526],[235.21089999999998,50.0543],[235.2058,50.0583],[235.2049,50.0555],[235.202,50.0587],[235.19830000000002,50.0567],[235.1904,50.0635],[235.1567,50.0638],[235.16160000000002,50.0592],[235.16500000000002,50.0479],[235.1814,50.0367],[235.178,50.0288],[235.187,50.0239],[235.1953,50.0086],[235.2087,50.003],[235.2125,49.9972],[235.21859999999998,49.9963],[235.22969999999998,49.9822],[235.2319,49.9845],[235.2356,49.9829],[235.2404,49.9699],[235.2475,49.9636],[235.2687,49.9576],[235.28789999999998,49.9422],[235.30110000000002,49.936],[235.3091,49.9359],[235.3338,49.9227],[235.3743,49.908],[235.36700000000002,49.905],[235.37709999999998,49.9007],[235.38,49.8951],[235.3899,49.8958],[235.4315,49.8753],[235.4325,49.8715],[235.43970000000002,49.8685],[235.4391,49.8647],[235.4454,49.8644],[235.4417,49.8623],[235.4435,49.8594],[235.4529,49.8593],[235.46859999999998,49.8451],[235.4679,49.8375],[235.47379999999998,49.8226],[235.47289999999998,49.804],[235.48059999999998,49.8],[235.4912,49.8002],[235.5014,49.7949],[235.5279,49.7939],[235.54149999999998,49.7862],[235.5498,49.7768],[235.5946,49.7665],[235.6045,49.7659],[235.6231,49.7736],[235.63049999999998,49.77],[235.6332,49.7712],[235.6312,49.7756],[235.636,49.7732],[235.6492,49.7755],[235.6533,49.7692],[235.6626,49.7725],[235.6814,49.7688],[235.6816,49.7635],[235.6892,49.757],[235.6952,49.7568],[235.70170000000002,49.7625],[235.7067,49.7573],[235.71339999999998,49.7558],[235.7111,49.7482],[235.71699999999998,49.7482],[235.719,49.7401],[235.7215,49.7442],[235.7203,49.7518],[235.72469999999998,49.7476],[235.7227,49.7454],[235.7245,49.7399],[235.73160000000001,49.7407],[235.7407,49.7502],[235.73829999999998,49.7606],[235.7345,49.7635],[235.7292,49.7619],[235.7278,49.7671],[235.72140000000002,49.7707],[235.723,49.7752],[235.7824,49.7818],[235.7926,49.7756],[235.8096,49.7795],[235.8187,49.7781],[235.8264,49.7829],[235.83089999999999,49.7783],[235.8576,49.7796],[235.874,49.7833],[235.88049999999998,49.7871],[235.8797,49.7919],[235.8885,49.7916],[235.89839999999998,49.7977],[235.92149999999998,49.7991],[235.8998,49.8168],[235.9074,49.8229],[235.9103,49.8392],[235.91660000000002,49.8426],[235.92340000000002,49.8376],[235.9288,49.8388],[235.9336,49.8342],[235.9617,49.8363],[235.95080000000002,49.843],[235.9447,49.8514],[235.94639999999998,49.8589],[235.9241,49.8654],[235.92270000000002,49.8702],[235.9328,49.8747],[235.93540000000002,49.8835],[235.949,49.8994],[235.9494,49.9055],[235.9597,49.9199],[235.9601,49.9278],[235.9638,49.9319],[235.9668,49.9321],[235.9687,49.9276],[235.9673,49.915],[235.97129999999999,49.9149],[235.9756,49.9198],[235.982,49.9126],[235.9789,49.9031],[235.97,49.8957],[235.9669,49.8754],[235.9839,49.8691],[236.00560000000002,49.8379],[235.9952,49.8317],[235.9986,49.8252],[235.994,49.8168],[236.0029,49.8103],[236.0343,49.805],[236.04070000000002,49.8078],[236.0347,49.8168],[236.0466,49.8222],[236.0412,49.8249],[236.0419,49.8275],[236.0538,49.8378],[236.0688,49.8373],[236.072,49.8327],[236.0692,49.8255],[236.079,49.8283],[236.0799,49.8484],[236.09699999999998,49.8772],[236.089,49.8875],[236.0462,49.9027],[236.0239,49.9186],[236.015,49.9401],[235.99079999999998,49.9689],[235.9941,49.9719],[235.9912,49.9756],[235.9888,49.9944],[236.0113,50.002],[236.02370000000002,50.0154],[236.0365,50.0209],[236.0616,50.0191],[236.0768,50.0274],[236.1576,50.0571],[236.1755,50.078],[236.1979,50.0935],[236.18880000000001,50.0998],[236.1765,50.1006],[236.16649999999998,50.1056],[236.1472,50.1289],[236.1485,50.1339],[236.1421,50.1378],[236.06189999999998,50.1662],[236.04919999999998,50.1776],[236.02710000000002,50.1861],[236.0206,50.1929],[236.0226,50.198],[236.0118,50.2087],[236.019,50.2135],[236.0283,50.2109],[236.042,50.1991],[236.0632,50.1886],[236.143,50.1622],[236.1635,50.1786],[236.17579999999998,50.1788],[236.1789,50.1841],[236.1919,50.1898],[236.2005,50.1873],[236.2212,50.1975],[236.22390000000001,50.2049],[236.231,50.2049],[236.2336,50.1948],[236.2258,50.1882],[236.21269999999998,50.1864],[236.2105,50.1825],[236.1952,50.1781],[236.1696,50.1737],[236.1494,50.1629],[236.17239999999998,50.1478],[236.17759999999998,50.1479],[236.18779999999998,50.1415],[236.1997,50.131],[236.2065,50.1166],[236.23489999999998,50.106],[236.2406,50.0987],[236.2517,50.0977],[236.2572,50.0885],[236.2149,50.0704],[236.2064,50.0585],[236.21519999999998,50.0537],[236.2081,50.0452],[236.1774,50.0346],[236.1566,50.0344],[236.1308,50.0273],[236.10160000000002,50.0136],[236.0918,50.0034],[236.06709999999998,50.0024],[236.04340000000002,49.9972],[236.0257,49.9814],[236.023,49.9663],[236.0258,49.9572],[236.0358,49.941],[236.0636,49.9189],[236.1051,49.9149],[236.1234,49.9244],[236.1316,49.917],[236.1137,49.9049],[236.131,49.8797],[236.13049999999998,49.8724],[236.1215,49.8567],[236.1264,49.845],[236.1149,49.8338],[236.1048,49.8135],[236.0761,49.7973],[236.0786,49.7845],[236.0571,49.7796],[236.0529,49.7747],[236.063,49.7696],[236.0651,49.7647],[236.107,49.7488],[236.10750000000002,49.7393],[236.1048,49.7386],[236.1312,49.7263],[236.136,49.7108],[236.15949999999998,49.6862],[236.1926,49.6913],[236.2031,49.7024],[236.2099,49.7052],[236.2116,49.7107],[236.2236,49.7115],[236.227,49.7159],[236.251,49.7259],[236.2627,49.7388],[236.2635,49.7471],[236.272,49.7591],[236.2717,49.771],[236.27710000000002,49.7783],[236.2751,49.7863],[236.28300000000002,49.7861],[236.27960000000002,49.7795],[236.2836,49.7718],[236.28230000000002,49.7606],[236.2698,49.7329],[236.25830000000002,49.7218],[236.2237,49.7107],[236.2191,49.703],[236.2126,49.7017],[236.2123,49.692],[236.2009,49.6832],[236.174,49.6762],[236.1735,49.6712],[236.1807,49.6634],[236.1813,49.6551],[236.1694,49.6653],[236.16039999999998,49.6608],[236.16039999999998,49.65],[236.1664,49.6481],[236.1746,49.6346],[236.1901,49.6301],[236.1926,49.628],[236.191,49.625],[236.19490000000002,49.624],[236.1994,49.6319],[236.2082,49.635],[236.23399999999998,49.6423],[236.2486,49.6416],[236.27089999999998,49.6491],[236.2832,49.6482],[236.31279999999998,49.6537],[236.3345,49.6489],[236.3484,49.6635],[236.3649,49.6654],[236.3712,49.663],[236.4077,49.6765],[236.42669999999998,49.6783],[236.42849999999999,49.6795],[236.42419999999998,49.6812],[236.42579999999998,49.6827],[236.4377,49.6808],[236.45319999999998,49.6971],[236.4647,49.6991],[236.4684,49.7087],[236.47390000000001,49.7081],[236.4743,49.7055],[236.4707,49.6982],[236.4565,49.6875],[236.4546,49.6811],[236.4466,49.6817],[236.4367,49.671],[236.41379999999998,49.6677],[236.4081,49.6614],[236.3836,49.6539],[236.369,49.6535],[236.3537,49.6429],[236.3375,49.6379],[236.3194,49.6377],[236.3116,49.6415],[236.2827,49.637],[236.2792,49.6313],[236.2674,49.6242],[236.24020000000002,49.6181],[236.22910000000002,49.608],[236.2104,49.6028],[236.2158,49.5906],[236.2142,49.5763],[236.2182,49.5743],[236.21550000000002,49.5687],[236.2235,49.5609],[236.223,49.5573],[236.2312,49.5561],[236.2356,49.5459],[236.2399,49.5434],[236.2348,49.5392],[236.23579999999998,49.5353],[236.2312,49.5282],[236.21980000000002,49.5219],[236.2357,49.5109],[236.2415,49.5123],[236.244,49.5061],[236.2542,49.5022],[236.2447,49.4807],[236.23399999999998,49.4853],[236.236,49.4922],[236.2252,49.502],[236.2027,49.5113],[236.20589999999999,49.516],[236.20010000000002,49.5221],[236.20999999999998,49.5332],[236.20510000000002,49.535],[236.201,49.5417],[236.20659999999998,49.5462],[236.19920000000002,49.5493],[236.2004,49.5517],[236.1922,49.5648],[236.1935,49.5683],[236.1868,49.5719],[236.1905,49.5755],[236.1827,49.5876],[236.1848,49.5945],[236.1737,49.6027],[236.15800000000002,49.6215],[236.1516,49.6402],[236.1447,49.6457],[236.13909999999998,49.6564],[236.1384,49.6716],[236.11020000000002,49.7005],[236.112,49.7298],[236.094,49.7418],[236.09199999999998,49.7471],[236.07240000000002,49.7498],[236.0688,49.755],[236.0534,49.7614],[236.0283,49.7669],[236.0101,49.7586],[236.0093,49.7531],[235.98329999999999,49.7519],[235.98090000000002,49.7481],[235.9657,49.7415],[235.9629,49.7376],[235.9638,49.7237],[235.957,49.7199],[235.9521,49.7099],[235.9315,49.694],[235.935,49.6893],[235.9336,49.6698],[235.9266,49.6624],[235.9264,49.6522],[235.9293,49.6496],[235.9251,49.6419],[235.9275,49.6373],[235.9368,49.6381],[235.9408,49.6313],[235.9645,49.6337],[235.9697,49.6275],[235.975,49.6285],[235.97390000000001,49.631],[235.9799,49.6294],[235.9807,49.6254],[235.96949999999998,49.6236],[235.9519,49.6144],[235.9595,49.6266],[235.93689999999998,49.627],[235.93880000000001,49.6242],[235.9345,49.6144],[235.9409,49.6106],[235.9389,49.6056],[235.9411,49.6027],[235.9614,49.6041],[235.9632,49.6061],[235.9588,49.6126],[235.9638,49.6158],[235.9624,49.6117],[235.9745,49.6054],[235.9779,49.5969],[235.98399999999998,49.5936],[235.99009999999998,49.5716],[235.99630000000002,49.5695],[235.9977,49.5554],[236.0155,49.5447],[236.0244,49.5361],[236.0254,49.5312],[236.0336,49.5299],[236.02679999999998,49.5379],[236.0403,49.532],[236.0353,49.5274],[236.039,49.5236],[236.0369,49.5175],[236.03109999999998,49.516],[236.0352,49.5089],[236.0512,49.5017],[236.0507,49.504],[236.0568,49.5036],[236.0552,49.5074],[236.06,49.5071],[236.06119999999999,49.5118],[236.0649,49.5093],[236.0756,49.5125],[236.09,49.5113],[236.09199999999998,49.5086],[236.089,49.5077],[236.0908,49.505],[236.08769999999998,49.4979],[236.09269999999998,49.4837],[236.12869999999998,49.4678],[236.1439,49.4688],[236.1374,49.4755],[236.1429,49.4779],[236.1836,49.4668],[236.2116,49.4657],[236.228,49.4698],[236.255,49.4704],[236.2717,49.4418],[236.2767,49.4385],[236.3149,49.4358],[236.3534,49.4188],[236.3933,49.4109],[236.41410000000002,49.4026],[236.4282,49.4024],[236.43959999999998,49.3964],[236.4432,49.3896],[236.4626,49.3834],[236.48430000000002,49.387],[236.5001,49.3936],[236.4957,49.3986],[236.4973,49.4026],[236.5039,49.4111],[236.5192,49.4184],[236.5213,49.4279],[236.52609999999999,49.4304],[236.5278,49.4386],[236.53289999999998,49.443],[236.5327,49.4494],[236.519,49.4661],[236.514,49.4682],[236.519,49.4702],[236.5139,49.4739],[236.5177,49.4817],[236.5297,49.4858],[236.50400000000002,49.5008],[236.5082,49.5186],[236.5188,49.521],[236.5229,49.5281],[236.5367,49.5321],[236.54149999999998,49.5306],[236.5531,49.5394],[236.5722,49.5424],[236.5876,49.5508],[236.5984,49.5528],[236.60399999999998,49.5591],[236.6193,49.5614],[236.64499999999998,49.5543],[236.65019999999998,49.5569],[236.6494,49.5637],[236.6529,49.5675],[236.6661,49.5703],[236.668,49.5759],[236.675,49.5794],[236.6918,49.5835],[236.7217,49.5819],[236.7285,49.5851],[236.7354,49.5896],[236.7388,49.5996],[236.7439,49.6004],[236.7419,49.6035],[236.7458,49.6109],[236.7509,49.6115],[236.7495,49.6256],[236.7409,49.6369],[236.7423,49.6634],[236.79410000000001,49.6813],[236.8143,49.6831],[236.8172,49.6852],[236.8163,49.7023],[236.8255,49.7076],[236.8271,49.7059],[236.8177,49.6999],[236.8188,49.6944],[236.82330000000002,49.691],[236.8261,49.6932],[236.8262,49.7029],[236.8331,49.7068],[236.8281,49.7028],[236.82999999999998,49.6919],[236.8262,49.6851],[236.8296,49.6834],[236.8332,49.687],[236.8372,49.6835],[236.8475,49.6961],[236.8468,49.6886],[236.8428,49.6865],[236.84449999999998,49.6835],[236.84109999999998,49.6768],[236.8398,49.6785],[236.8311,49.6715],[236.82999999999998,49.6658],[236.8202,49.6599],[236.7804,49.6551],[236.7794,49.6491],[236.7755,49.6475],[236.7914,49.6293],[236.7939,49.6201],[236.7832,49.6108],[236.7754,49.5948],[236.7774,49.5893],[236.7727,49.5842],[236.7663,49.5599],[236.7624,49.5562],[236.7631,49.5511],[236.75549999999998,49.5486],[236.7389,49.5261],[236.7372,49.5195],[236.7388,49.5085],[236.7511,49.4996],[236.75,49.4828],[236.75459999999998,49.4816],[236.75400000000002,49.4712],[236.75920000000002,49.4689],[236.7586,49.451],[236.7665,49.4246],[236.7653,49.4171],[236.7567,49.4106],[236.75459999999998,49.4034],[236.7476,49.3992],[236.7471,49.3951],[236.728,49.3758],[236.7249,49.3809],[236.7097,49.3768],[236.70600000000002,49.373],[236.715,49.3718],[236.71210000000002,49.3651],[236.7169,49.3616],[236.7157,49.3573],[236.7256,49.3551],[236.7249,49.352],[236.7277,49.3534],[236.7261,49.3552],[236.73160000000001,49.3536],[236.72719999999998,49.3475],[236.73160000000001,49.3441],[236.7323,49.3313],[236.7365,49.33],[236.7536,49.3401],[236.75920000000002,49.338],[236.77089999999998,49.3412],[236.7798,49.338],[236.7932,49.34],[236.8298,49.3272],[236.8457,49.3264],[236.8555,49.3216],[236.86419999999998,49.3235],[236.8598,49.3211],[236.8628,49.3171],[236.8843,49.3087],[236.8854,49.3127],[236.89100000000002,49.3104],[236.89780000000002,49.3162],[236.8982,49.3134],[236.9121,49.3131],[236.9303,49.3047],[236.9438,49.3053],[236.9587,49.3],[236.9616,49.3043],[236.96089999999998,49.2985],[236.9682,49.2972],[236.97660000000002,49.2986],[236.9759,49.3041],[236.9812,49.2972],[237.00709999999998,49.3077],[237.0446,49.3006],[237.0519,49.3048],[237.0529,49.3146],[237.0636,49.3216],[237.0626,49.3251],[237.0528,49.3255],[237.05180000000001,49.3287],[237.0639,49.3322],[237.0873,49.3457],[237.0946,49.3568],[237.1076,49.3601],[237.1106,49.3762],[237.1205,49.381],[237.11360000000002,49.3975],[237.1156,49.41],[237.1259,49.4231],[237.1273,49.4332],[237.1215,49.4411],[237.1231,49.4479],[237.1128,49.4592],[237.1141,49.4631],[237.111,49.4671],[237.1134,49.4689],[237.1198,49.4661],[237.1208,49.4625],[237.1366,49.4547],[237.1454,49.4375],[237.1455,49.425],[237.14170000000001,49.4224],[237.14339999999999,49.414],[237.1396,49.4061],[237.1304,49.3999],[237.12869999999998,49.3945],[237.1359,49.3799],[237.1264,49.3727],[237.126,49.3662],[237.1114,49.3513],[237.1091,49.3392],[237.1115,49.3358],[237.0824,49.3144],[237.08339999999998,49.3243],[237.0906,49.3287],[237.08710000000002,49.3305],[237.08069999999998,49.3295],[237.0811,49.3269],[237.066,49.3163],[237.0726,49.3165],[237.07080000000002,49.3042],[237.0735,49.2978],[237.0811,49.2932],[237.12779999999998,49.3008],[237.163,49.2853],[237.1626,49.2832],[237.1405,49.2796],[237.14,49.2835],[237.1291,49.292],[237.1057,49.2923],[237.0967,49.2886],[237.07170000000002,49.2929],[237.035,49.2877],[237.01420000000002,49.2952],[237.0005,49.2906],[236.9812,49.2935],[236.9656,49.2905],[236.9493,49.2941],[236.9312,49.2857],[236.9312,49.2896],[236.9235,49.2899],[236.9178,49.2837],[236.9108,49.2857],[236.9086,49.2895],[236.90109999999999,49.2894],[236.90449999999998,49.2861],[236.89749999999998,49.2855],[236.86450000000002,49.2955],[236.88330000000002,49.3001],[236.8703,49.303],[236.857,49.3139],[236.844,49.3084],[236.8419,49.2981],[236.8557,49.2889],[236.85590000000002,49.2843],[236.8684,49.2726],[236.8794,49.2712],[236.89319999999998,49.2759],[236.8964,49.2727],[236.8718,49.2682],[236.8653,49.273],[236.8613,49.2711],[236.8594,49.2773],[236.8553,49.2793],[236.8477,49.278],[236.84480000000002,49.2741],[236.8256,49.2718],[236.75709999999998,49.2801],[236.7381,49.2712],[236.7355,49.2645],[236.7471,49.2514],[236.7687,49.241],[236.7681,49.2339],[236.77620000000002,49.2315],[236.7755,49.2382],[236.7851,49.2327],[236.7869,49.229],[236.78109999999998,49.227],[236.8185,49.2167],[236.8308,49.2165],[236.8653,49.2],[236.92430000000002,49.2088],[236.95600000000002,49.2053],[236.9989,49.1932],[237.0078,49.1856],[237.0213,49.1806],[237.0273,49.1811],[237.04149999999998,49.1919],[237.05880000000002,49.1989],[237.0811,49.1968],[237.09480000000002,49.2022],[237.1021,49.2013],[237.0849,49.1869],[237.07569999999998,49.1678],[237.0534,49.1547],[237.0214,49.155],[236.9974,49.148],[236.97,49.1456],[236.96120000000002,49.1416],[236.95159999999998,49.1298],[236.9194,49.1167],[236.9322,49.1153],[236.9454,49.1244],[236.9365,49.1151],[236.91570000000002,49.1111],[236.9058,49.0951],[236.9056,49.0907],[236.9101,49.0928],[236.9082,49.0907],[236.8912,49.0857],[236.8761,49.0855],[236.8655,49.0723],[236.8354,49.0652],[236.8366,49.059],[236.8494,49.0612],[236.8746,49.0507],[236.84199999999998,49.0247],[236.8327,49.0246],[236.8272,49.018],[236.8382,49.0131],[236.8314,49.0101],[236.838,49.0104],[236.8443,49.0148],[236.8469,49.0195],[236.8435,49.0233],[236.8486,49.0287],[236.8783,49.0491],[236.8875,49.047],[236.8914,49.0396],[236.8999,49.0341],[236.8967,49.0262],[236.86790000000002,49.0064],[236.8954,49.0232],[236.9032,49.0183],[236.9086,49.002],[236.6778,49.0021],[236.9915,48.8312],[236.9915,48.7671],[236.7321,48.694],[236.78109999999998,48.5487],[236.8401,48.4535],[236.88490000000002,48.4228],[236.7516,48.284],[236.4588,48.2246],[236.3209,48.24],[235.9879,48.2967],[235.27280000000002,48.4934],[235.1865,48.4984],[235.0962,48.4935],[234.9968,48.4766],[234.8878,48.4473],[234.7693,48.4054],[234.7064,48.3798],[234.54989999999998,48.3068],[234.3468,48.2479],[234.20780000000002,48.2004],[234.062,48.1456],[233.8306,48.0496],[233.61599999999999,47.9528],[232.8092,47.6468],[232.5375,47.5189],[232.2859,47.3957],[231.4719,46.9698],[231.142,46.787],[230.7652,46.5714],[230.6193,46.6364],[230.4732,46.706],[230.2063,46.8471],[229.967,46.9908],[229.7178,47.1587],[229.4753,47.2481],[229.25,47.3417],[229.0274,47.4448],[228.8012,47.5617],[228.5806,47.6892],[228.378,47.8197],[228.1766,47.9642],[227.9909,48.1129],[227.8032,48.2005],[227.6254,48.291],[226.6106,48.8509],[225.8196,49.27],[225.5855,49.3892],[225.3495,49.5224],[225.0924,49.6842],[224.6149,50.0027],[224.4751,50.1027],[224.2233,50.2938],[224.1236,50.3576],[223.8844,50.5008],[223.6641,50.6488],[223.503,50.7685],[223.3546,50.8888],[223.1432,51.0464],[222.972,51.1856],[222.8429,51.2997],[222.7385,51.3995],[222.6553,51.4846],[222.2952,51.8188],[222.1711,51.9421],[222.0834,52.0367],[222.0004,52.1329],[221.9222,52.2306],[221.8507,52.3272],[221.7875,52.4198],[221.7286,52.5134],[221.4723,52.9434],[221.3979,53.079],[221.3373,53.2064],[221.2873,53.3284],[221.2422,53.4596],[221.2065,53.5891],[221.2703,53.6056],[223.3781,53.9054],[224.2089,54.0227],[225.2312,54.159],[225.4213,54.1886],[225.7093,54.2409],[226.1137,54.3303],[226.2415,54.364],[226.7638,54.5177],[227.0523,54.4769],[227.2538,54.4356],[227.3587,54.4104],[227.6358,54.4151],[227.752,54.405],[227.9499,54.381],[228.0272,54.4052],[228.3953,54.4993],[228.4158,54.5602],[228.5839,54.6266],[228.6324,54.6498],[228.9245,54.7348],[228.9893,54.7143],[229.0425,54.7114],[229.0919,54.7026],[229.1136,54.6943],[229.243,54.6833],[229.2616,54.6746],[229.346,54.6537],[229.3482,54.6855],[229.3731,54.7276],[229.3575,54.7516],[229.3449,54.7623],[229.3538,54.7741],[229.3623,54.775],[229.3797,54.7849],[229.3933,54.7887],[229.4007,54.7842],[229.4127,54.7834],[229.4158,54.7867],[229.434,54.7903],[229.4529,54.8034],[229.4681,54.8068],[229.4953,54.8223],[229.5001,54.8286],[229.5371,54.8444],[229.5724,54.8713],[229.6136,54.8955],[229.6363,54.9038],[229.6752,54.9351],[229.7123,54.9588],[229.7294,54.9775]]]]}}